<?xml version="1.0" encoding="UTF-8"?>
<MF0 version="1.1" packageUris="http://schema.mathworks.com/mf0/ci/19700101 http://schema.mathworks.com/mf0/sl_modelref_info/R2024a http://schema.mathworks.com/mf0/slexec_mm_sto/R2024a_202305081229 http://schema.mathworks.com/mf0/sltp_mm/R2023a_202209151115">
  <ModelRefInfoRepo.ModelRefInfoRoot type="ModelRefInfoRepo.ModelRefInfoRoot" uuid="621b144a-7d92-4d11-a1a8-eea9799b70cf">
    <childModelRefInfo type="ModelRefInfoRepo.ChildModelRefInfo" uuid="b9e61565-c161-49ef-be14-d581b4aab8d6">
      <modelName>AutomaticFog_Detector</modelName>
      <modelPath>AutomaticFog_Detector</modelPath>
    </childModelRefInfo>
    <compiledTFinal>10.0</compiledTFinal>
    <containsInitResetTermSampleTimes>true</containsInitResetTermSampleTimes>
    <dataDictionary>dict.sldd</dataDictionary>
    <dataDictionarySet>dict.sldd</dataDictionarySet>
    <dataSourceInfo type="ModelRefInfoRepo.DataSourceInfo" uuid="fc0308f7-5f70-499d-aba1-f5e842c47acf">
      <dataSources type="ModelRefInfoRepo.SourceInfo" uuid="f6274057-be7c-4ee1-8ebf-d369cd012f52">
        <includeAllSections>true</includeAllSections>
        <sourceName>dict.sldd</sourceName>
        <type>DataDictionary</type>
      </dataSources>
      <dataSources type="ModelRefInfoRepo.SourceInfo" uuid="5acecb32-a09e-4bfc-ac15-7294c929df16">
        <includeAllSections>true</includeAllSections>
        <sourceName>base workspace</sourceName>
        <type>BaseWorkspace</type>
      </dataSources>
      <modelName>AutomaticFog_Detector</modelName>
    </dataSourceInfo>
    <dataTransferInfos>AAFJTQAAAAAOAAAAOAAAAAYAAAAIAAAAAgAAAAAAAAAFAAAACAAAAAAAAAABAAAAAQAAAAAAAAAFAAQAAQAAAAEAAAAAAAAA</dataTransferInfos>
    <fastestNoncontSigFeedingDerivPorts>-1.0</fastestNoncontSigFeedingDerivPorts>
    <fundamentalSampleTimePeriod>.2</fundamentalSampleTimePeriod>
    <globalVariables>#Humidity_Data#dict.sldd#</globalVariables>
    <globalVariables>#Humidity_t#dict.sldd#</globalVariables>
    <globalVariables>#Ignition_State#dict.sldd#</globalVariables>
    <globalVariables>#Inter_Comp#dict.sldd#</globalVariables>
    <globalVariables>#Visibility_Distance#dict.sldd#</globalVariables>
    <globalVariables>#Visibility_t#dict.sldd#</globalVariables>
    <grCompInputPortMaps>0,0,0;1,1,1;2,2,2</grCompInputPortMaps>
    <grCompOutputPortMaps>0,0,0</grCompOutputPortMaps>
    <hasBlockWithPeriodicDiscreteSampleTime>true</hasBlockWithPeriodicDiscreteSampleTime>
    <hasBwsAccessed>true</hasBwsAccessed>
    <hasNonVirtualConstantTs>true</hasNonVirtualConstantTs>
    <inports type="ModelRefInfoRepo.InportInformation" uuid="0ae0964f-515f-4748-aae6-1544f088e869">
      <isNotDerivPort>true</isNotDerivPort>
      <designMax>1.0</designMax>
      <indexType>2</indexType>
      <rateInfos type="ModelRefInfoRepo.RateInfo">
        <compiled>true</compiled>
        <nonFcnCallPartitionName>D1</nonFcnCallPartitionName>
        <period>.2</period>
        <priority>40</priority>
        <rateIdx>0</rateIdx>
      </rateInfos>
      <resolvedSignalObject></resolvedSignalObject>
      <autosarInfo type="ModelRefInfoRepo.AUTOSARInportInfo" uuid="3f797e6f-3f8e-4199-8de7-a2d4236440e9">
        <ElementName>Value</ElementName>
        <PortName>Ignition_State</PortName>
      </autosarInfo>
      <executionInterface type="ModelRefInfoRepo.InputExecutionInterface" uuid="1899856c-9b98-41a6-96c3-c9cde135fbef"/>
      <sigNameToEMVCEMap type="ModelRefInfoRepo.SigNameEMVCEInfo" uuid="cdca4e14-b4c8-4aff-bee4-8d5117ffc7dd"/>
    </inports>
    <inports type="ModelRefInfoRepo.InportInformation" uuid="499d466a-5637-4c32-9943-0a65682ed0a6">
      <isNotDerivPort>true</isNotDerivPort>
      <designMax>300.0</designMax>
      <indexType>2</indexType>
      <originalPortNumber>1</originalPortNumber>
      <rateInfos type="ModelRefInfoRepo.RateInfo">
        <compiled>true</compiled>
        <nonFcnCallPartitionName>D1</nonFcnCallPartitionName>
        <period>.2</period>
        <priority>40</priority>
        <rateIdx>0</rateIdx>
      </rateInfos>
      <resolvedSignalObject></resolvedSignalObject>
      <autosarInfo type="ModelRefInfoRepo.AUTOSARInportInfo" uuid="b7b445fe-b782-4986-b666-58942f18589b">
        <ElementName>Value</ElementName>
        <PortName>Visibility_Distance</PortName>
      </autosarInfo>
      <executionInterface type="ModelRefInfoRepo.InputExecutionInterface" uuid="8bae102b-efaf-4035-a1a1-e1eb1c618143"/>
      <sigNameToEMVCEMap type="ModelRefInfoRepo.SigNameEMVCEInfo" uuid="9ee72bb4-7a4e-4b2a-8946-070921fa51fb"/>
    </inports>
    <inports type="ModelRefInfoRepo.InportInformation" uuid="153e7e45-d2ba-47ed-bec7-5dae5cb1af21">
      <isNotDerivPort>true</isNotDerivPort>
      <designMax>100.0</designMax>
      <indexType>2</indexType>
      <originalPortNumber>2</originalPortNumber>
      <rateInfos type="ModelRefInfoRepo.RateInfo">
        <compiled>true</compiled>
        <nonFcnCallPartitionName>D1</nonFcnCallPartitionName>
        <period>.2</period>
        <priority>40</priority>
        <rateIdx>0</rateIdx>
      </rateInfos>
      <resolvedSignalObject></resolvedSignalObject>
      <autosarInfo type="ModelRefInfoRepo.AUTOSARInportInfo" uuid="086ff970-cb36-42a3-aea8-5721575ffd7c">
        <ElementName>Value</ElementName>
        <PortName>Humidity_Data</PortName>
      </autosarInfo>
      <executionInterface type="ModelRefInfoRepo.InputExecutionInterface" uuid="feb8ab8d-9177-4d19-be2f-8663d4e93459"/>
      <sigNameToEMVCEMap type="ModelRefInfoRepo.SigNameEMVCEInfo" uuid="13bcb138-94ce-495f-bae4-82ab312ec4c1"/>
    </inports>
    <isBdInSimModeForSimCodegenVariants>false</isBdInSimModeForSimCodegenVariants>
    <isInlineParamsOn>true</isInlineParamsOn>
    <isOrigInportVirtualBus>true</isOrigInportVirtualBus>
    <isOrigInportVirtualBus>true</isOrigInportVirtualBus>
    <isOrigInportVirtualBus>true</isOrigInportVirtualBus>
    <isOrigOutportVirtualBus>true</isOrigOutportVirtualBus>
    <loggingSaveFormat>2</loggingSaveFormat>
    <maxFreqHz>-1.0</maxFreqHz>
    <numDataInputPorts>3</numDataInputPorts>
    <numLoggableJacobianDStates>0</numLoggableJacobianDStates>
    <origInportBusType></origInportBusType>
    <origInportBusType></origInportBusType>
    <origInportBusType></origInportBusType>
    <origOutportBusOutputAsStruct>true</origOutportBusOutputAsStruct>
    <origOutportBusType>Inter_Comp</origOutportBusType>
    <outports type="ModelRefInfoRepo.OutportInformation" uuid="d90eeeed-55e5-4383-9125-76b9759223f5">
      <designMax>inf</designMax>
      <designMin>-inf</designMin>
      <rateInfos type="ModelRefInfoRepo.RateInfo">
        <compiled>true</compiled>
        <nonFcnCallPartitionName>D1</nonFcnCallPartitionName>
        <period>.2</period>
        <priority>40</priority>
        <rateIdx>0</rateIdx>
      </rateInfos>
      <resolvedSignalObject></resolvedSignalObject>
      <autosarInfo type="ModelRefInfoRepo.AUTOSAROutportInfo" uuid="b1772e75-a567-4541-89e0-2c70d098e917">
        <ElementName>Value</ElementName>
        <PortName>AF_Detector_In</PortName>
      </autosarInfo>
      <executionInterface type="ModelRefInfoRepo.OutputExecutionInterface" uuid="abbc11b3-4da2-4986-8a40-fe2e9579b8a9"/>
      <sigNameToEMVCEMap type="ModelRefInfoRepo.SigNameEMVCEInfo" uuid="2b68de68-c789-43be-a497-c826f6dda74e"/>
    </outports>
    <removeResetFunc>true</removeResetFunc>
    <runtimeNonFcnCallRateInfos type="ModelRefInfoRepo.RateInfo">
      <compiled>true</compiled>
      <nonFcnCallPartitionName>D1</nonFcnCallPartitionName>
      <period>.2</period>
      <priority>40</priority>
      <rateIdx>0</rateIdx>
    </runtimeNonFcnCallRateInfos>
    <sampleTimeInheritanceRule>1</sampleTimeInheritanceRule>
    <solverStatusFlags>331</solverStatusFlags>
    <standaloneEnumInfos type="ModelRefInfoRepo.StandaloneEnumInfo" uuid="77490c1d-fc0d-4628-b182-fc5e95012271">
      <defaultValue>DEM_EVENT_STATUS_PASSED</defaultValue>
      <enumName>Dem_EventStatusType</enumName>
      <labels>DEM_EVENT_STATUS_PASSED</labels>
      <labels>DEM_EVENT_STATUS_FAILED</labels>
      <labels>DEM_EVENT_STATUS_PREPASSED</labels>
      <labels>DEM_EVENT_STATUS_PREFAILED</labels>
      <labels>DEM_EVENT_STATUS_FDC_THRESHOLD_REACHED</labels>
      <storageType>uint8</storageType>
      <values>0</values>
      <values>1</values>
      <values>2</values>
      <values>3</values>
      <values>4</values>
    </standaloneEnumInfos>
    <timingAndTaskingRegistry>&lt;?xml version=&quot;1.0&quot;?&gt;
&lt;slexec_sto version=&quot;1.1&quot; packageUris=&quot;http://schema.mathworks.com/mf0/slexec_mm_sto/R2024a_202305081229&quot;&gt;
  &lt;sto.Registry type=&quot;sto.Registry&quot; uuid=&quot;dc8e0463-ef5c-41d6-9680-8abfc834ad0f&quot;&gt;
    &lt;executionSpec&gt;Undetermined&lt;/executionSpec&gt;
    &lt;identifier&gt;AutomaticFog_Detector&lt;/identifier&gt;
    &lt;clockRegistry type=&quot;sto.ClockRegistry&quot; uuid=&quot;8e9c4252-36b8-4fff-9bf8-39f8a4f23e25&quot;&gt;
      &lt;clocks type=&quot;sto.Timer&quot; uuid=&quot;d9a42765-834b-4dec-a6f1-9d7678b4e4a5&quot;&gt;
        &lt;computedFundamentalDiscretePeriod&gt;.2&lt;/computedFundamentalDiscretePeriod&gt;
        &lt;fastestDiscreteRate type=&quot;sto.ClassicPeriodicDiscreteRate&quot; uuid=&quot;3ba4f3a5-93d9-4dab-8f54-e736a78d1bd3&quot;/&gt;
        &lt;isDefaultTimer&gt;true&lt;/isDefaultTimer&gt;
        &lt;resolution&gt;.2&lt;/resolution&gt;
        &lt;timeAdvanceMode&gt;FixedStep&lt;/timeAdvanceMode&gt;
        &lt;identifier&gt;AutomaticFog_Detector::defaultTimer&lt;/identifier&gt;
        &lt;rates type=&quot;sto.ClassicPeriodicDiscreteRate&quot; uuid=&quot;3ba4f3a5-93d9-4dab-8f54-e736a78d1bd3&quot;&gt;
          &lt;annotation&gt;D1&lt;/annotation&gt;
          &lt;clockId&gt;AutomaticFog_Detector::defaultTimer&lt;/clockId&gt;
          &lt;description&gt;Discrete 1&lt;/description&gt;
          &lt;taskId&gt;_task0&lt;/taskId&gt;
          &lt;rateSpec type=&quot;sto.RateSpec&quot; uuid=&quot;83a122b8-bed5-47f5-bf26-2e5b2f18fc18&quot;&gt;
            &lt;period&gt;.2&lt;/period&gt;
            &lt;rateType&gt;ClassicPeriodicDiscrete&lt;/rateType&gt;
          &lt;/rateSpec&gt;
        &lt;/rates&gt;
        &lt;baseRate type=&quot;sto.ClassicPeriodicDiscreteRate&quot; uuid=&quot;96b8730b-9aaf-4c6b-8927-ca621855e417&quot;&gt;
          &lt;annotation&gt;D1&lt;/annotation&gt;
          &lt;clockId&gt;AutomaticFog_Detector::defaultTimer&lt;/clockId&gt;
          &lt;description&gt;Discrete 1&lt;/description&gt;
          &lt;taskId&gt;_task0&lt;/taskId&gt;
          &lt;rateSpec type=&quot;sto.RateSpec&quot; uuid=&quot;cf317ca0-68c3-4dd2-bef7-8a5364cbd0f0&quot;&gt;
            &lt;period&gt;.2&lt;/period&gt;
            &lt;rateType&gt;ClassicPeriodicDiscrete&lt;/rateType&gt;
          &lt;/rateSpec&gt;
        &lt;/baseRate&gt;
      &lt;/clocks&gt;
      &lt;clocks type=&quot;sto.Event&quot; uuid=&quot;b5bd36e8-cfe2-4ebd-9c71-c8f19a21fd44&quot;&gt;
        &lt;eventType&gt;POWER_UP_EVENT&lt;/eventType&gt;
        &lt;cNum&gt;1&lt;/cNum&gt;
        &lt;clockType&gt;Event&lt;/clockType&gt;
        &lt;identifier&gt;Init&lt;/identifier&gt;
        &lt;rates type=&quot;sto.ModelWideEventRate&quot; uuid=&quot;d9bc2e96-0b66-4b44-bc28-f83bbaee17f2&quot;&gt;
          &lt;annotation&gt;IE&lt;/annotation&gt;
          &lt;clockId&gt;Init&lt;/clockId&gt;
          &lt;colorIndex&gt;-1&lt;/colorIndex&gt;
          &lt;description&gt;Initialize&lt;/description&gt;
          &lt;rateIdx&gt;1&lt;/rateIdx&gt;
          &lt;taskId&gt;ModelWideInitializeEvent&lt;/taskId&gt;
          &lt;rateSpec type=&quot;sto.RateSpec&quot; uuid=&quot;78dbad7c-ce79-49d5-abf7-cc05bb20da0f&quot;&gt;
            &lt;offset&gt;1.0&lt;/offset&gt;
            &lt;period&gt;inf&lt;/period&gt;
            &lt;rateType&gt;ModelWideInitializeEvent&lt;/rateType&gt;
          &lt;/rateSpec&gt;
        &lt;/rates&gt;
      &lt;/clocks&gt;
      &lt;clocks type=&quot;sto.Event&quot; uuid=&quot;54773c3e-865c-4aeb-a86f-5ea189525572&quot;&gt;
        &lt;eventType&gt;PARAMETER_CHANGE_EVENT&lt;/eventType&gt;
        &lt;cNum&gt;2&lt;/cNum&gt;
        &lt;clockType&gt;Event&lt;/clockType&gt;
        &lt;identifier&gt;ParameterChangeEvent&lt;/identifier&gt;
        &lt;rates type=&quot;sto.ModelWideEventRate&quot; uuid=&quot;14f393ec-a478-4997-8212-855c5bcebb5f&quot;&gt;
          &lt;clockId&gt;ParameterChangeEvent&lt;/clockId&gt;
          &lt;rateIdx&gt;-1&lt;/rateIdx&gt;
          &lt;taskId&gt;ModelWideParameterChangeEvent&lt;/taskId&gt;
          &lt;useForExecution&gt;NotForExecution&lt;/useForExecution&gt;
          &lt;rateSpec type=&quot;sto.RateSpec&quot; uuid=&quot;508e2880-bbe7-4c39-aa1e-0c695c14ac53&quot;&gt;
            &lt;period&gt;inf&lt;/period&gt;
            &lt;rateType&gt;ModelWideParameterChangeEvent&lt;/rateType&gt;
          &lt;/rateSpec&gt;
        &lt;/rates&gt;
      &lt;/clocks&gt;
      &lt;timeAdvanceMode&gt;FixedStep&lt;/timeAdvanceMode&gt;
    &lt;/clockRegistry&gt;
    &lt;taskRegistry type=&quot;sto.TaskRegistry&quot; uuid=&quot;70c92df1-7d81-4bbf-ae84-52c7364cb248&quot;&gt;
      &lt;hasUnknownEdges&gt;true&lt;/hasUnknownEdges&gt;
      &lt;rootTaskHierarchyElements type=&quot;sto.Task&quot; uuid=&quot;04c7289c-6992-418c-8674-e9d19ee32dea&quot;&gt;
        &lt;isExplicit&gt;true&lt;/isExplicit&gt;
        &lt;rates type=&quot;sto.ModelWideEventRate&quot; uuid=&quot;24445f19-2a80-4f5b-8c3c-6e9cd58d859f&quot;&gt;
          &lt;clockId&gt;ParameterChangeEvent&lt;/clockId&gt;
          &lt;rateIdx&gt;-1&lt;/rateIdx&gt;
          &lt;taskId&gt;ModelWideParameterChangeEvent&lt;/taskId&gt;
          &lt;useForExecution&gt;NotForExecution&lt;/useForExecution&gt;
          &lt;rateSpec type=&quot;sto.RateSpec&quot; uuid=&quot;83c41a00-bf33-4807-9da2-66734cc4d575&quot;&gt;
            &lt;period&gt;inf&lt;/period&gt;
            &lt;rateType&gt;ModelWideParameterChangeEvent&lt;/rateType&gt;
          &lt;/rateSpec&gt;
        &lt;/rates&gt;
        &lt;schedulingClockId&gt;ParameterChangeEvent&lt;/schedulingClockId&gt;
        &lt;timeKeeperClockId&gt;AutomaticFog_Detector::defaultTimer&lt;/timeKeeperClockId&gt;
        &lt;elementType&gt;Task&lt;/elementType&gt;
        &lt;identifier&gt;ModelWideParameterChangeEvent&lt;/identifier&gt;
        &lt;priority&gt;-1&lt;/priority&gt;
      &lt;/rootTaskHierarchyElements&gt;
      &lt;rootTaskHierarchyElements type=&quot;sto.Task&quot; uuid=&quot;d0162f89-a0c8-45f6-92f2-3b46f03b7109&quot;&gt;
        &lt;isExecutable&gt;true&lt;/isExecutable&gt;
        &lt;isExplicit&gt;true&lt;/isExplicit&gt;
        &lt;rates type=&quot;sto.ModelWideEventRate&quot; uuid=&quot;689bd8b8-c2a1-4ef6-b28e-e5feb831baa3&quot;&gt;
          &lt;annotation&gt;IE&lt;/annotation&gt;
          &lt;clockId&gt;Init&lt;/clockId&gt;
          &lt;colorIndex&gt;-1&lt;/colorIndex&gt;
          &lt;description&gt;Initialize&lt;/description&gt;
          &lt;rateIdx&gt;1&lt;/rateIdx&gt;
          &lt;taskId&gt;ModelWideInitializeEvent&lt;/taskId&gt;
          &lt;rateSpec type=&quot;sto.RateSpec&quot; uuid=&quot;98838b97-7426-48a7-a7f4-be0dd3d758e7&quot;&gt;
            &lt;offset&gt;1.0&lt;/offset&gt;
            &lt;period&gt;inf&lt;/period&gt;
            &lt;rateType&gt;ModelWideInitializeEvent&lt;/rateType&gt;
          &lt;/rateSpec&gt;
        &lt;/rates&gt;
        &lt;schedulingClockId&gt;Init&lt;/schedulingClockId&gt;
        &lt;tNum&gt;1&lt;/tNum&gt;
        &lt;timeKeeperClockId&gt;AutomaticFog_Detector::defaultTimer&lt;/timeKeeperClockId&gt;
        &lt;elementType&gt;Task&lt;/elementType&gt;
        &lt;identifier&gt;ModelWideInitializeEvent&lt;/identifier&gt;
        &lt;priority&gt;-1&lt;/priority&gt;
      &lt;/rootTaskHierarchyElements&gt;
      &lt;rootTaskHierarchyElements type=&quot;sto.Task&quot; uuid=&quot;51146b2a-cbc6-4540-9eaf-5d1c52484f3d&quot;&gt;
        &lt;isExecutable&gt;true&lt;/isExecutable&gt;
        &lt;orderIndex&gt;1&lt;/orderIndex&gt;
        &lt;rates type=&quot;sto.ClassicPeriodicDiscreteRate&quot; uuid=&quot;129ab902-b7b0-4a4d-9983-9ee126a25e3e&quot;&gt;
          &lt;annotation&gt;D1&lt;/annotation&gt;
          &lt;clockId&gt;AutomaticFog_Detector::defaultTimer&lt;/clockId&gt;
          &lt;description&gt;Discrete 1&lt;/description&gt;
          &lt;taskId&gt;_task0&lt;/taskId&gt;
          &lt;rateSpec type=&quot;sto.RateSpec&quot; uuid=&quot;e181462a-21e0-4af6-a18d-0599f73f9cf6&quot;&gt;
            &lt;period&gt;.2&lt;/period&gt;
            &lt;rateType&gt;ClassicPeriodicDiscrete&lt;/rateType&gt;
          &lt;/rateSpec&gt;
        &lt;/rates&gt;
        &lt;schedulingClockId&gt;AutomaticFog_Detector::defaultTimer&lt;/schedulingClockId&gt;
        &lt;timeKeeperClockId&gt;AutomaticFog_Detector::defaultTimer&lt;/timeKeeperClockId&gt;
        &lt;elementType&gt;Task&lt;/elementType&gt;
        &lt;identifier&gt;_task0&lt;/identifier&gt;
        &lt;priority&gt;40&lt;/priority&gt;
      &lt;/rootTaskHierarchyElements&gt;
      &lt;taskDependencyGraph type=&quot;sto.SerializedTaskConnectionList&quot; uuid=&quot;d7cb2a1a-90c4-4421-a8b1-07d800b68ef4&quot;&gt;
        &lt;clockIdentifier&gt;AutomaticFog_Detector::defaultTimer&lt;/clockIdentifier&gt;
        &lt;serializedConnectionProperties type=&quot;sto.SerializedConnectionProperties&quot; uuid=&quot;a5d71901-81b6-4b75-acb8-b11b9b3574b0&quot;&gt;
          &lt;isInternal&gt;true&lt;/isInternal&gt;
          &lt;targetClockIdentifier&gt;Init&lt;/targetClockIdentifier&gt;
          &lt;targetTaskIdentifier&gt;ModelWideInitializeEvent&lt;/targetTaskIdentifier&gt;
        &lt;/serializedConnectionProperties&gt;
        &lt;taskIdentifier&gt;_task0&lt;/taskIdentifier&gt;
      &lt;/taskDependencyGraph&gt;
      &lt;taskDependencyGraph type=&quot;sto.SerializedTaskConnectionList&quot; uuid=&quot;2acf2490-374a-4b02-b118-6b4a519afbd2&quot;&gt;
        &lt;clockIdentifier&gt;Init&lt;/clockIdentifier&gt;
        &lt;serializedConnectionProperties type=&quot;sto.SerializedConnectionProperties&quot; uuid=&quot;802835b1-c421-47c6-a7b3-9072ec064f78&quot;&gt;
          &lt;orderingImpact&gt;Impacted&lt;/orderingImpact&gt;
          &lt;targetClockIdentifier&gt;AutomaticFog_Detector::defaultTimer&lt;/targetClockIdentifier&gt;
          &lt;targetTaskIdentifier&gt;_task0&lt;/targetTaskIdentifier&gt;
        &lt;/serializedConnectionProperties&gt;
        &lt;taskIdentifier&gt;ModelWideInitializeEvent&lt;/taskIdentifier&gt;
      &lt;/taskDependencyGraph&gt;
      &lt;taskDependencyGraph type=&quot;sto.SerializedTaskConnectionList&quot; uuid=&quot;d690fe55-257a-4030-a918-46b1e1ae104f&quot;&gt;
        &lt;clockIdentifier&gt;ParameterChangeEvent&lt;/clockIdentifier&gt;
        &lt;taskIdentifier&gt;ModelWideParameterChangeEvent&lt;/taskIdentifier&gt;
      &lt;/taskDependencyGraph&gt;
      &lt;taskPriorityDirection&gt;HighNumberLast&lt;/taskPriorityDirection&gt;
      &lt;taskingMode&gt;ClassicMultiTasking&lt;/taskingMode&gt;
    &lt;/taskRegistry&gt;
  &lt;/sto.Registry&gt;
&lt;/slexec_sto&gt;</timingAndTaskingRegistry>
    <zeroInternalMemoryAtStartupUnchecked>true</zeroInternalMemoryAtStartupUnchecked>
    <FMUBlockMap type="ModelRefInfoRepo.FMUBlockInfo" uuid="118c9bfc-87ec-474b-baa8-009ec0cb2619"/>
    <codeGenInfo type="ModelRefInfoRepo.CodeGenInformation" uuid="fba91886-eaf3-4ca7-a4c9-0f55a3542a09"/>
    <compiledVariantInfos type="ModelRefInfoRepo.CompiledVariantInfoMap" uuid="b432adbe-1390-46f1-a72a-eb96758ec99c"/>
    <configSettingsForConsistencyChecks type="ModelRefInfoRepo.ConfigSettingsForConsistencyChecks" uuid="3fcade47-2cc1-4b84-bc0b-e3b8b369fc5b">
      <LUTObjectStructOrderEvenSpacing>1</LUTObjectStructOrderEvenSpacing>
      <consistentOutportInitialization>true</consistentOutportInitialization>
      <fixedStepSize>.2</fixedStepSize>
      <frameDiagnosticSetting>2</frameDiagnosticSetting>
      <hasHybridSampleTime>true</hasHybridSampleTime>
      <optimizedInitCode>true</optimizedInitCode>
      <signalLoggingSaveFormat>2</signalLoggingSaveFormat>
      <simSIMDOptimization>1</simSIMDOptimization>
      <solverName>FixedStepDiscrete</solverName>
      <solverType>SOLVER_TYPE_FIXEDSTEP</solverType>
      <hardwareSettings type="ModelRefInfoRepo.HardwareSettings" uuid="7fe30ea3-e201-4051-aac2-de2fd7fbe70a">
        <prodBitPerChar>8</prodBitPerChar>
        <prodBitPerDouble>64</prodBitPerDouble>
        <prodBitPerFloat>32</prodBitPerFloat>
        <prodBitPerInt>32</prodBitPerInt>
        <prodBitPerLong>32</prodBitPerLong>
        <prodBitPerLongLong>64</prodBitPerLongLong>
        <prodBitPerPointer>64</prodBitPerPointer>
        <prodBitPerPtrDiffT>64</prodBitPerPtrDiffT>
        <prodBitPerShort>16</prodBitPerShort>
        <prodBitPerSizeT>64</prodBitPerSizeT>
        <prodEndianess>1</prodEndianess>
        <prodShiftRight>true</prodShiftRight>
        <prodWordSize>64</prodWordSize>
      </hardwareSettings>
    </configSettingsForConsistencyChecks>
    <controllableInputRatesMap type="ModelRefInfoRepo.VarTsUIDMap" uuid="2d5f776c-9965-498b-9b47-32731075d811"/>
    <controllableOutputRatesMap type="ModelRefInfoRepo.VarTsUIDMap" uuid="592879ba-d353-40fa-90ca-d9baa316e0f0"/>
    <dataPortGroup type="ModelRefInfoRepo.DataPortGroup" uuid="2b8d90ff-7378-436d-8e5a-290ef02f3ca7">
      <compDataInputPorts>0</compDataInputPorts>
      <compDataInputPorts>1</compDataInputPorts>
      <compDataInputPorts>2</compDataInputPorts>
      <compDataOutputPorts>0</compDataOutputPorts>
      <dataInputPorts>0</dataInputPorts>
      <dataInputPorts>1</dataInputPorts>
      <dataInputPorts>2</dataInputPorts>
      <dataOutputPorts>0</dataOutputPorts>
    </dataPortGroup>
    <expFcnUnconnectedDataPortGroup type="ModelRefInfoRepo.DataPortGroup" uuid="e0d33d53-fe5c-481f-8885-64dc176f83fe"/>
    <interfaceParameterInfo type="ModelRefInfoRepo.InterfaceParameterInfo" uuid="04a6900b-f1e3-4959-b656-8fb4cec64500"/>
    <messageInfo type="ModelRefInfoRepo.MessageInformation" uuid="dc2596fb-df5d-4009-b875-8c298cd9fd26"/>
    <methodInfo type="ModelRefInfoRepo.MethodExistenceInfo" uuid="450d779c-4272-45ab-9e6e-bfc2785b73ef"/>
    <periodicEventPortUnsupportedBlockInfo type="ModelRefInfoRepo.PeriodicEventPortUnsupportedBlockInfo" uuid="ffca44ba-397c-4db2-b30c-4fd0af6ea140"/>
    <portGroupsRequireSameRate type="ModelRefInfoRepo.PortGroupsRequireSameRate" uuid="8887c027-901b-4084-b7bd-224082b20721">
      <DSMPortGroups type="ModelRefInfoRepo.NameToPortGroupIdxVectMap" uuid="4fd8d476-9dd7-4324-94fc-57da11cbf553"/>
      <GlobalDSMPortGroups type="ModelRefInfoRepo.NameToPortGroupIdxVectMap" uuid="f98c5554-1bad-4823-8116-723935a65f24"/>
      <mergedPortGroups type="ModelRefInfoRepo.NameToPortGroupIdxVectMap" uuid="3b2a69e3-936a-4d02-97f8-b4411e914c92"/>
    </portGroupsRequireSameRate>
    <rateBasedMdlGlobalDSMRateSpec type="ModelRefInfoRepo.GlobalDSMRateSpecMap" uuid="2e9a2087-737a-4664-88a3-0bf4d8767941"/>
    <rateSpecOfGlobalDSMAccessedByDescExpFcnMdlMap type="ModelRefInfoRepo.GlobalDSMRateSpecMap" uuid="9983e4cc-46a4-4823-a89b-a9cc7cd6b22a"/>
    <rootBlockDiagramInterface type="ci.Model" uuid="2a502901-5eb3-40f5-bd2b-5d064b3823a3">
      <p_RootComponentInterface type="ci.ComponentInterface" uuid="3a569997-58f6-4f94-aa56-fcc1279e5070">
        <p_InputPorts type="ci.SignalInterface" uuid="b55e0a35-4cc6-4649-80af-491be42a3501">
          <p_ComputedNumericDimensions>1.0</p_ComputedNumericDimensions>
          <p_ComputedSampleTime>.2</p_ComputedSampleTime>
          <p_ComputedSampleTime>0.0</p_ComputedSampleTime>
          <p_ComputedType>boolean</p_ComputedType>
          <p_Name>Ignition_State_Value</p_Name>
        </p_InputPorts>
        <p_InputPorts type="ci.SignalInterface" uuid="94797f16-6e3c-4351-a562-43f8e4333afd">
          <p_ComputedNumericDimensions>1.0</p_ComputedNumericDimensions>
          <p_ComputedSampleTime>.2</p_ComputedSampleTime>
          <p_ComputedSampleTime>0.0</p_ComputedSampleTime>
          <p_ComputedType>uint16</p_ComputedType>
          <p_ComputedUnit>meter</p_ComputedUnit>
          <p_Name>Visibility_Distance_Value</p_Name>
        </p_InputPorts>
        <p_InputPorts type="ci.SignalInterface" uuid="267e038d-1760-45ff-b24b-8d9cd16392f7">
          <p_ComputedNumericDimensions>1.0</p_ComputedNumericDimensions>
          <p_ComputedSampleTime>.2</p_ComputedSampleTime>
          <p_ComputedSampleTime>0.0</p_ComputedSampleTime>
          <p_ComputedType>uint8</p_ComputedType>
          <p_ComputedUnit>%RH</p_ComputedUnit>
          <p_Name>Humidity_Data_Value</p_Name>
        </p_InputPorts>
        <p_Name>AutomaticFog_Detector</p_Name>
        <p_OutputPorts type="ci.SignalInterface" uuid="dc2d72f5-3473-44b2-a38b-0bf79a5c9956">
          <p_ComputedNumericDimensions>1.0</p_ComputedNumericDimensions>
          <p_ComputedSampleTime>.2</p_ComputedSampleTime>
          <p_ComputedSampleTime>0.0</p_ComputedSampleTime>
          <p_ComputedType>boolean</p_ComputedType>
          <p_Name>AF_Detector_In_Value</p_Name>
        </p_OutputPorts>
        <p_Type>ROOT</p_Type>
      </p_RootComponentInterface>
    </rootBlockDiagramInterface>
    <simulinkFunctions type="ModelRefInfoRepo.SimulinkFunctions" uuid="6cffc008-5450-4041-80ab-680591d80505">
      <compFunctions type="ModelRefInfoRepo.CompFunction" uuid="aeece7d2-7cff-4184-8a4c-d6263cb34d1d">
        <CGFunctionName>Visibility_MinVal_ReadBlock</CGFunctionName>
        <CGIsCalled>true</CGIsCalled>
        <callerBlocks>AutomaticFog_Detector/Initialize Function/NvMServiceCaller1</callerBlocks>
        <compDiscreteRates type="ModelRefInfoRepo.RateSpec" uuid="afc3e418-8f0c-4683-b766-b3268078ded6">
          <offset>1.0</offset>
          <period>inf</period>
        </compDiscreteRates>
        <compTIDs>1</compTIDs>
        <functionName>Visibility_MinVal_ReadBlock</functionName>
        <irtCallerType type="ModelRefInfoRepo.IRTCallerType" uuid="b0bf7686-29c6-44f0-9de4-25f7a11f185a">
          <IRTFunctionType>Init</IRTFunctionType>
          <blockHandle>761.002197265625</blockHandle>
        </irtCallerType>
        <refBlockPaths>AutomaticFog_Detector/Initialize Function/NvMServiceCaller1</refBlockPaths>
        <variantCallerNetEMVCEMap type="ModelRefInfoRepo.VariantCallerNetEMVCE" uuid="766244e9-2e20-4983-a7ba-eaf90aefc7bd">
          <refBlockPath>AutomaticFog_Detector/Initialize Function/NvMServiceCaller1</refBlockPath>
          <variantFunctionNetEMVCE type="ModelRefInfoRepo.VariantFunctionNetEMVCE" uuid="7d4df607-337e-4910-b511-15cf2adb84e9">
            <EMVCE>({true}_0)</EMVCE>
          </variantFunctionNetEMVCE>
        </variantCallerNetEMVCEMap>
        <visibility>Global</visibility>
        <fcnArgs type="ModelRefInfoRepo.CompFunctionArgs" uuid="b9c0574e-b56a-4ddf-8919-74b79ab638d8">
          <argIndexMap type="ModelRefInfoRepo.ArgIndexMap" uuid="eb8e5c2a-020a-4f24-aeb8-f9756170f8fd">
            <index>O0</index>
          </argIndexMap>
          <argIndexMap type="ModelRefInfoRepo.ArgIndexMap" uuid="29f54e90-e379-4c7f-af28-c68a20b6c782">
            <index>O1</index>
            <position>1</position>
          </argIndexMap>
          <argNameMap type="ModelRefInfoRepo.ArgNameMap" uuid="23b897a7-30b4-4c58-9878-8cb43011fe21">
            <name>ERR</name>
            <position>1</position>
          </argNameMap>
          <argNameMap type="ModelRefInfoRepo.ArgNameMap" uuid="82871271-22d8-4d22-a279-a0b7e2d70a8d">
            <name>NvM_DstPtr</name>
          </argNameMap>
          <outArgs type="ModelRefInfoRepo.CompFunctionArgInfo" uuid="647f9d66-1914-4fb9-9ef9-34bfedbac5d9">
            <dims>1</dims>
            <dims>1</dims>
            <passByType>AUTO</passByType>
            <dataType type="ModelRefInfoRepo.CompDataType" uuid="86b413d7-e16d-4f5d-a98b-e7ebbfd173f8">
              <dataClass>Numeric</dataClass>
              <dataTypeName>numerictype(0,8,0)</dataTypeName>
            </dataType>
          </outArgs>
          <outArgs type="ModelRefInfoRepo.CompFunctionArgInfo" uuid="7775c706-d3ad-40cb-bb21-1240c5ac4c26">
            <dims>1</dims>
            <dims>1</dims>
            <passByType>AUTO</passByType>
            <dataType type="ModelRefInfoRepo.CompDataType" uuid="0206c3c9-6e62-409e-83e6-f5b102919379">
              <dataClass>Numeric</dataClass>
              <dataTypeName>numerictype(0,8,0)</dataTypeName>
            </dataType>
          </outArgs>
          <returnArgIdx>-1</returnArgIdx>
        </fcnArgs>
        <fcnFpcArgs type="ModelRefInfoRepo.CompFunctionArgs" uuid="b8071718-ec9b-42b4-8fb0-6ef6adba8ab3">
          <argIndexMap type="ModelRefInfoRepo.ArgIndexMap" uuid="464a926e-ff58-407f-a85f-6d3543d72de5">
            <index>O0</index>
          </argIndexMap>
          <argNameMap type="ModelRefInfoRepo.ArgNameMap" uuid="0be58f4b-98d0-42ca-9736-e98e98ec0773">
            <name>NvM_DstPtr</name>
          </argNameMap>
          <outArgs type="ModelRefInfoRepo.CompFunctionArgInfo" uuid="a5b7454d-9a3c-40c1-9222-e2feddca8a2f">
            <dims>1</dims>
            <dims>1</dims>
            <passByType>POINTER_VOID</passByType>
            <dataType type="ModelRefInfoRepo.CompDataType" uuid="42555500-0a1b-490c-8612-fc61b6cdde2c">
              <dataClass>Numeric</dataClass>
              <dataTypeName>numerictype(0,8,0)</dataTypeName>
            </dataType>
          </outArgs>
          <outArgs type="ModelRefInfoRepo.CompFunctionArgInfo" uuid="9c1e433b-6477-4faa-b398-fe69ff422c43">
            <dims>1</dims>
            <dims>1</dims>
            <passByType>AUTO</passByType>
            <dataType type="ModelRefInfoRepo.CompDataType" uuid="1620e35e-98e4-4b73-a6b0-994bebb438d6">
              <dataClass>Numeric</dataClass>
              <dataTypeName>numerictype(0,8,0)</dataTypeName>
            </dataType>
          </outArgs>
          <returnArgIdx>1</returnArgIdx>
          <returnArgName>ERR</returnArgName>
        </fcnFpcArgs>
      </compFunctions>
      <compFunctions type="ModelRefInfoRepo.CompFunction" uuid="328423b1-2c63-49a7-a817-91e4fbbc6e82">
        <CGFunctionName>Humidity_MinVal_ReadBlock</CGFunctionName>
        <CGIsCalled>true</CGIsCalled>
        <callerBlocks>AutomaticFog_Detector/Initialize Function/NvMServiceCaller</callerBlocks>
        <compDiscreteRates type="ModelRefInfoRepo.RateSpec" uuid="88e92ab5-3ae9-401c-b10c-b477333d30cf">
          <offset>1.0</offset>
          <period>inf</period>
        </compDiscreteRates>
        <compTIDs>1</compTIDs>
        <functionName>Humidity_MinVal_ReadBlock</functionName>
        <irtCallerType type="ModelRefInfoRepo.IRTCallerType" uuid="dfd93cc7-64c5-4b62-9194-f608960baa0a">
          <IRTFunctionType>Init</IRTFunctionType>
          <blockHandle>761.002197265625</blockHandle>
        </irtCallerType>
        <refBlockPaths>AutomaticFog_Detector/Initialize Function/NvMServiceCaller</refBlockPaths>
        <variantCallerNetEMVCEMap type="ModelRefInfoRepo.VariantCallerNetEMVCE" uuid="15b00645-2e7b-4a7d-8148-df0052b3cf02">
          <refBlockPath>AutomaticFog_Detector/Initialize Function/NvMServiceCaller</refBlockPath>
          <variantFunctionNetEMVCE type="ModelRefInfoRepo.VariantFunctionNetEMVCE" uuid="65fa4edb-2e6c-4a18-a5b0-5476c8d3a369">
            <EMVCE>({true}_0)</EMVCE>
          </variantFunctionNetEMVCE>
        </variantCallerNetEMVCEMap>
        <visibility>Global</visibility>
        <fcnArgs type="ModelRefInfoRepo.CompFunctionArgs" uuid="68af394d-e03c-4c81-a9b7-65b349c31e5f">
          <argIndexMap type="ModelRefInfoRepo.ArgIndexMap" uuid="bcd5ee34-6b3a-48f1-bb58-ae168ae31ca8">
            <index>O0</index>
          </argIndexMap>
          <argIndexMap type="ModelRefInfoRepo.ArgIndexMap" uuid="7c50280e-dd4f-4859-88a0-ee2bbca09bfc">
            <index>O1</index>
            <position>1</position>
          </argIndexMap>
          <argNameMap type="ModelRefInfoRepo.ArgNameMap" uuid="e250af17-cee6-4ad7-a1d8-650f779bb351">
            <name>ERR</name>
            <position>1</position>
          </argNameMap>
          <argNameMap type="ModelRefInfoRepo.ArgNameMap" uuid="08cf215c-75b7-4e32-99e9-871a7556ca3c">
            <name>NvM_DstPtr</name>
          </argNameMap>
          <outArgs type="ModelRefInfoRepo.CompFunctionArgInfo" uuid="6783769e-2ef5-49c8-8cda-fd239c4f0930">
            <dims>1</dims>
            <dims>1</dims>
            <passByType>AUTO</passByType>
            <dataType type="ModelRefInfoRepo.CompDataType" uuid="3f964ba1-ac61-40e7-8ec0-8d77285960b5">
              <dataClass>Numeric</dataClass>
              <dataTypeName>numerictype(0,8,0)</dataTypeName>
            </dataType>
          </outArgs>
          <outArgs type="ModelRefInfoRepo.CompFunctionArgInfo" uuid="1ef4e49c-87c7-446a-bef1-28018838600e">
            <dims>1</dims>
            <dims>1</dims>
            <passByType>AUTO</passByType>
            <dataType type="ModelRefInfoRepo.CompDataType" uuid="7ba90ea1-39ed-48a0-ad6b-37808721edd6">
              <dataClass>Numeric</dataClass>
              <dataTypeName>numerictype(0,8,0)</dataTypeName>
            </dataType>
          </outArgs>
          <returnArgIdx>-1</returnArgIdx>
        </fcnArgs>
        <fcnFpcArgs type="ModelRefInfoRepo.CompFunctionArgs" uuid="f4f4e639-0dcd-42d5-ab41-748061a15b23">
          <argIndexMap type="ModelRefInfoRepo.ArgIndexMap" uuid="b7c89b5e-de33-4606-aafb-294e7d52d11b">
            <index>O0</index>
          </argIndexMap>
          <argNameMap type="ModelRefInfoRepo.ArgNameMap" uuid="b6cac832-a8b4-47c9-b892-e2995fe67d74">
            <name>NvM_DstPtr</name>
          </argNameMap>
          <outArgs type="ModelRefInfoRepo.CompFunctionArgInfo" uuid="4f5ea171-1556-4441-9fae-3ca4873c6af6">
            <dims>1</dims>
            <dims>1</dims>
            <passByType>POINTER_VOID</passByType>
            <dataType type="ModelRefInfoRepo.CompDataType" uuid="1a78a3f6-d603-4eb2-a200-ab47691ed590">
              <dataClass>Numeric</dataClass>
              <dataTypeName>numerictype(0,8,0)</dataTypeName>
            </dataType>
          </outArgs>
          <outArgs type="ModelRefInfoRepo.CompFunctionArgInfo" uuid="f064a7cf-456d-47b2-bebd-ccd9f71a0258">
            <dims>1</dims>
            <dims>1</dims>
            <passByType>AUTO</passByType>
            <dataType type="ModelRefInfoRepo.CompDataType" uuid="7f30e222-6272-4e11-8dfa-1457a9007727">
              <dataClass>Numeric</dataClass>
              <dataTypeName>numerictype(0,8,0)</dataTypeName>
            </dataType>
          </outArgs>
          <returnArgIdx>1</returnArgIdx>
          <returnArgName>ERR</returnArgName>
        </fcnFpcArgs>
      </compFunctions>
      <compFunctions type="ModelRefInfoRepo.CompFunction" uuid="8c0d79e8-278b-4838-8663-c574327003eb">
        <CGFunctionName>AF_Detector_SetEventStatus</CGFunctionName>
        <CGIsCalled>true</CGIsCalled>
        <callerBlocks>AutomaticFog_Detector/AF_Sensor_Status</callerBlocks>
        <compDiscreteRates type="ModelRefInfoRepo.RateSpec" uuid="4c10f5e3-03bb-4b67-88dd-cdabb86eda85">
          <period>.2</period>
        </compDiscreteRates>
        <compTIDs>0</compTIDs>
        <functionName>AF_Detector_SetEventStatus</functionName>
        <refBlockPaths>AutomaticFog_Detector/AF_Sensor_Status</refBlockPaths>
        <variantCallerNetEMVCEMap type="ModelRefInfoRepo.VariantCallerNetEMVCE" uuid="46b27a24-552d-4f90-9265-0af3100924fa">
          <refBlockPath>AutomaticFog_Detector/AF_Sensor_Status</refBlockPath>
          <variantFunctionNetEMVCE type="ModelRefInfoRepo.VariantFunctionNetEMVCE" uuid="9f1447a5-73c6-473a-9400-8f8972372ee1">
            <EMVCE>({true}_0)</EMVCE>
          </variantFunctionNetEMVCE>
        </variantCallerNetEMVCEMap>
        <visibility>Global</visibility>
        <fcnArgs type="ModelRefInfoRepo.CompFunctionArgs" uuid="da401811-1d40-481c-abec-277b7d04c4ab">
          <argIndexMap type="ModelRefInfoRepo.ArgIndexMap" uuid="588d1eb8-3b35-497a-97e3-7b95ba2474ad">
            <index>I0</index>
          </argIndexMap>
          <argIndexMap type="ModelRefInfoRepo.ArgIndexMap" uuid="81471351-e059-4979-beb7-5b724ddf8a53">
            <index>O0</index>
            <position>1</position>
          </argIndexMap>
          <argNameMap type="ModelRefInfoRepo.ArgNameMap" uuid="2cf76b7d-e5b5-4cde-b841-c345e6afa19d">
            <name>ERR</name>
            <position>1</position>
          </argNameMap>
          <argNameMap type="ModelRefInfoRepo.ArgNameMap" uuid="f7e99c6c-2a3d-48ee-b4ed-56c428dd06a5">
            <name>EventStatus</name>
          </argNameMap>
          <inArgs type="ModelRefInfoRepo.CompFunctionArgInfo" uuid="e0fba9e6-3bdb-4ed1-b276-7b440a38f86a">
            <dims>1</dims>
            <dims>1</dims>
            <passByType>AUTO</passByType>
            <dataType type="ModelRefInfoRepo.CompDataType" uuid="e88c9c28-1b9b-4e51-846c-4515bfbd3a20">
              <dataClass>Enum</dataClass>
              <dataTypeName>Dem_EventStatusType</dataTypeName>
            </dataType>
          </inArgs>
          <outArgs type="ModelRefInfoRepo.CompFunctionArgInfo" uuid="154af09c-9608-4ad8-bddd-b8cf6b1603a0">
            <dims>1</dims>
            <dims>1</dims>
            <passByType>AUTO</passByType>
            <dataType type="ModelRefInfoRepo.CompDataType" uuid="4a4ec305-7a54-4b7a-ba17-83b854c0ab10">
              <dataClass>Numeric</dataClass>
              <dataTypeName>numerictype(0,8,0)</dataTypeName>
            </dataType>
          </outArgs>
          <returnArgIdx>-1</returnArgIdx>
        </fcnArgs>
        <fcnFpcArgs type="ModelRefInfoRepo.CompFunctionArgs" uuid="9daee72b-1d42-44b0-be27-8032068c0743">
          <argIndexMap type="ModelRefInfoRepo.ArgIndexMap" uuid="7596ed1f-777c-4e7f-a487-e390327d69e9">
            <index>I0</index>
          </argIndexMap>
          <argNameMap type="ModelRefInfoRepo.ArgNameMap" uuid="9f7c076b-99dd-4ad2-aadb-9b4d84385edf">
            <name>EventStatus</name>
          </argNameMap>
          <inArgs type="ModelRefInfoRepo.CompFunctionArgInfo" uuid="45478687-2e13-4132-9742-fe06b75a2a2c">
            <dims>1</dims>
            <dims>1</dims>
            <passByType>AUTO</passByType>
            <dataType type="ModelRefInfoRepo.CompDataType" uuid="b7d99259-932c-438d-ac62-f2d3579d4e5d">
              <dataClass>Enum</dataClass>
              <dataTypeName>Dem_EventStatusType</dataTypeName>
            </dataType>
          </inArgs>
          <outArgs type="ModelRefInfoRepo.CompFunctionArgInfo" uuid="c1ad48e0-73c8-4eff-b962-e848d198e273">
            <dims>1</dims>
            <dims>1</dims>
            <passByType>AUTO</passByType>
            <dataType type="ModelRefInfoRepo.CompDataType" uuid="565810d2-04d0-4809-8f9e-1b535256bd99">
              <dataClass>Numeric</dataClass>
              <dataTypeName>numerictype(0,8,0)</dataTypeName>
            </dataType>
          </outArgs>
          <returnArgName>ERR</returnArgName>
        </fcnFpcArgs>
      </compFunctions>
      <compSimulinkFunctionCatalog></compSimulinkFunctionCatalog>
    </simulinkFunctions>
    <sltpContext type="sltp.mm.core.Context" uuid="efda9eed-89d0-420c-a9d9-833691f89ce5">
      <globalData type="sltp.mm.core.GlobalData" uuid="e73448c9-461a-4382-84d3-29baf668fd11">
        <dataName>portAF_Detector_In_Value</dataName>
        <type>RootOutport</type>
      </globalData>
      <globalData type="sltp.mm.core.GlobalData" uuid="ad7d847c-46c6-43c6-8e7c-a73759a15804">
        <dataName>portHumidity_Data_Value</dataName>
        <type>RootInport</type>
      </globalData>
      <globalData type="sltp.mm.core.GlobalData" uuid="ca58010b-cdb5-41ed-bcf8-4cd8c478a103">
        <dataName>portIgnition_State_Value</dataName>
        <type>RootInport</type>
      </globalData>
      <globalData type="sltp.mm.core.GlobalData" uuid="b02a6f7e-81c5-4eb3-b064-a9f5c12c450d">
        <dataName>portVisibility_Distance_Value</dataName>
        <type>RootInport</type>
      </globalData>
      <priorityDirection>HighNumberLast</priorityDirection>
      <defaultEventBehavior type="sltp.mm.core.EventBehavior" uuid="797bc936-dda1-4aef-9e75-a5cba6385724"/>
      <editorState type="sltp.mm.core.EditorState" uuid="fc84ab0a-f9c1-4dee-9697-18b1740c1410">
        <isSynchronized>true</isSynchronized>
        <panelState type="sltp.mm.core.EditorPanelState" uuid="f9ce2460-109e-4a01-ba27-3fc9f16a15a4"/>
      </editorState>
      <rootTask type="sltp.mm.core.Task" uuid="b6e755cf-6d51-44ac-8865-2ecdbabdac45">
        <context type="sltp.mm.core.Context" uuid="efda9eed-89d0-420c-a9d9-833691f89ce5"/>
        <explicit>false</explicit>
        <name>Default</name>
        <priority>-2147483648</priority>
        <subgraph type="sltp.mm.core.Graph" uuid="7511f858-325c-40a5-af9e-7dd3a2460366">
          <tasks type="sltp.mm.core.Task" uuid="c2f812cc-e1d5-44bf-8df4-04885d0bee23">
            <context type="sltp.mm.core.Context" uuid="efda9eed-89d0-420c-a9d9-833691f89ce5"/>
            <explicit>false</explicit>
            <id>1</id>
            <isTimed>true</isTimed>
            <name>D1</name>
            <priority>40</priority>
            <rates type="sltp.mm.core.Rate" uuid="eefca442-3bf6-49aa-92de-85dead6c7fa3">
              <annotation>D1</annotation>
              <color>-12240129</color>
              <hasBlocks>true</hasBlocks>
              <identifier>ClassicPeriodicDiscrete0.20</identifier>
              <rateIndex>0</rateIndex>
              <rateSpec type="sltp.mm.core.RateSpec">
                <period>.2</period>
              </rateSpec>
              <sti>0</sti>
            </rates>
          </tasks>
        </subgraph>
      </rootTask>
    </sltpContext>
    <stateWriterToOwnerMap type="ModelRefInfoRepo.StateWriterInfo" uuid="4ed43ff7-60f3-4f2b-8f69-7223f8e64c05"/>
    <stoClientDataRegistry type="sto.ClientDataRegistry" uuid="c8fe8119-e69c-4f26-8377-5fc301dce578">
      <dataSets type="sto.ClientClockNamedDataSet" uuid="96e9fad2-be51-4148-8f56-8c613a783b01">
        <tag>sltpEvents</tag>
      </dataSets>
      <dataSets type="sto.ClientTaskHierarchyElementNamedDataSet" uuid="7c5fce47-eb7e-44ec-978c-81cd4d024baf">
        <tag>sltpTaskGroups</tag>
      </dataSets>
      <dataSets type="sto.ClientTaskHierarchyElementNamedDataSet" uuid="fb5da604-acd2-4ac9-9a2e-e57996d249cc">
        <dSet type="ModelRefInfoRepo.SltpTaskData" uuid="c7ef6379-0260-4e28-877a-9fc567b43016"/>
        <tSet type="ModelRefInfoRepo.SltpTaskData" uuid="c7ef6379-0260-4e28-877a-9fc567b43016">
          <dataName>D1</dataName>
          <linkedSet type="sto.ClientTaskHierarchyElementNamedDataSet" uuid="fb5da604-acd2-4ac9-9a2e-e57996d249cc"/>
          <id type="sto.TaskHierarchyElementId">
            <clockId>AutomaticFog_Detector::defaultTimer</clockId>
            <id>_task0</id>
          </id>
        </tSet>
        <tag>sltpTasks</tag>
      </dataSets>
    </stoClientDataRegistry>
    <varTsUIDMap type="ModelRefInfoRepo.VarTsUIDMap" uuid="e5d41aab-daeb-434f-b178-56fc748af04a"/>
  </ModelRefInfoRepo.ModelRefInfoRoot>
</MF0>