<?xml version="1.0" encoding="UTF-8"?>
<MF0 version="1.1" packageUris="http://schema.mathworks.com/mf0/ci/19700101 http://schema.mathworks.com/mf0/sl_modelref_info/R2024a http://schema.mathworks.com/mf0/slexec_mm_sto/R2024a_202305081229 http://schema.mathworks.com/mf0/sltp_mm/R2023a_202209151115">
  <ModelRefInfoRepo.ModelRefInfoRoot type="ModelRefInfoRepo.ModelRefInfoRoot" uuid="1137278b-240c-401f-88d0-224d118267ad">
    <childModelRefInfo type="ModelRefInfoRepo.ChildModelRefInfo" uuid="b1d780e8-d7a7-417e-8c7b-138e335264eb">
      <modelName>Actuator</modelName>
      <modelPath>Actuator</modelPath>
    </childModelRefInfo>
    <compiledTFinal>10.0</compiledTFinal>
    <dataDictionary>dict.sldd</dataDictionary>
    <dataDictionarySet>dict.sldd</dataDictionarySet>
    <dataSourceInfo type="ModelRefInfoRepo.DataSourceInfo" uuid="e3582bea-5ffe-4b43-ae1d-a8189761d6fe">
      <dataSources type="ModelRefInfoRepo.SourceInfo" uuid="b86d5cbf-cad0-4709-9f09-0c7a616e3040">
        <includeAllSections>true</includeAllSections>
        <sourceName>dict.sldd</sourceName>
        <type>DataDictionary</type>
      </dataSources>
      <dataSources type="ModelRefInfoRepo.SourceInfo" uuid="5f20bcfd-69b2-4d84-a9e9-ab9668acd559">
        <includeAllSections>true</includeAllSections>
        <sourceName>base workspace</sourceName>
        <type>BaseWorkspace</type>
      </dataSources>
      <modelName>Actuator</modelName>
    </dataSourceInfo>
    <dataTransferInfos>AAFJTQAAAAAOAAAAOAAAAAYAAAAIAAAAAgAAAAAAAAAFAAAACAAAAAAAAAABAAAAAQAAAAAAAAAFAAQAAQAAAAEAAAAAAAAA</dataTransferInfos>
    <fastestNoncontSigFeedingDerivPorts>-1.0</fastestNoncontSigFeedingDerivPorts>
    <fundamentalSampleTimePeriod>.2</fundamentalSampleTimePeriod>
    <globalVariables>#Ctrl_to_Act#dict.sldd#</globalVariables>
    <globalVariables>#Final_Out#dict.sldd#</globalVariables>
    <grCompInputPortMaps>0,0,0;1,1,1;2,2,2;3,3,3;4,4,4;5,5,5</grCompInputPortMaps>
    <grCompOutputPortMaps>0,0,0;1,1,1;2,2,2;3,3,3;4,4,4;5,5,5</grCompOutputPortMaps>
    <hasBwsAccessed>true</hasBwsAccessed>
    <inports type="ModelRefInfoRepo.InportInformation" uuid="44ba1e93-a85f-443a-8e92-5f57d24bfb66">
      <isNotDerivPort>true</isNotDerivPort>
      <designMax>inf</designMax>
      <designMin>-inf</designMin>
      <indexType>2</indexType>
      <rateInfos type="ModelRefInfoRepo.RateInfo">
        <compiled>true</compiled>
        <isEmpty>true</isEmpty>
        <nonFcnCallPartitionName>D1</nonFcnCallPartitionName>
        <period>.2</period>
        <priority>40</priority>
        <rateIdx>0</rateIdx>
      </rateInfos>
      <resolvedSignalObject></resolvedSignalObject>
      <autosarInfo type="ModelRefInfoRepo.AUTOSARInportInfo" uuid="b9f8e6ab-69e9-4a08-8349-5ed30abd9804">
        <ElementName>Value</ElementName>
        <PortName>DRL_Status_In</PortName>
      </autosarInfo>
      <executionInterface type="ModelRefInfoRepo.InputExecutionInterface" uuid="298c0e46-8bc2-4ead-9499-3c155dbd3e0c"/>
      <sigNameToEMVCEMap type="ModelRefInfoRepo.SigNameEMVCEInfo" uuid="849d56f7-5b8a-4711-a11a-e734eebbc9ea"/>
    </inports>
    <inports type="ModelRefInfoRepo.InportInformation" uuid="0737feb1-18eb-41c6-9e41-f5e9cf39bff6">
      <isNotDerivPort>true</isNotDerivPort>
      <designMax>inf</designMax>
      <designMin>-inf</designMin>
      <indexType>2</indexType>
      <originalPortNumber>1</originalPortNumber>
      <rateInfos type="ModelRefInfoRepo.RateInfo">
        <compiled>true</compiled>
        <isEmpty>true</isEmpty>
        <nonFcnCallPartitionName>D1</nonFcnCallPartitionName>
        <period>.2</period>
        <priority>40</priority>
        <rateIdx>0</rateIdx>
      </rateInfos>
      <resolvedSignalObject></resolvedSignalObject>
      <autosarInfo type="ModelRefInfoRepo.AUTOSARInportInfo" uuid="32144de4-3c25-41c2-ad48-bfa954bb2fec">
        <ElementName>Value</ElementName>
        <PortName>LowBeam_Status_In</PortName>
      </autosarInfo>
      <executionInterface type="ModelRefInfoRepo.InputExecutionInterface" uuid="0acad165-5ace-4007-b697-f8a4c69dd39a"/>
      <sigNameToEMVCEMap type="ModelRefInfoRepo.SigNameEMVCEInfo" uuid="156a09da-cb50-4b11-891c-692f81dd786b"/>
    </inports>
    <inports type="ModelRefInfoRepo.InportInformation" uuid="6e9f7ff8-5acb-4f96-9012-18a7746a120e">
      <isNotDerivPort>true</isNotDerivPort>
      <designMax>inf</designMax>
      <designMin>-inf</designMin>
      <indexType>2</indexType>
      <originalPortNumber>2</originalPortNumber>
      <rateInfos type="ModelRefInfoRepo.RateInfo">
        <compiled>true</compiled>
        <isEmpty>true</isEmpty>
        <nonFcnCallPartitionName>D1</nonFcnCallPartitionName>
        <period>.2</period>
        <priority>40</priority>
        <rateIdx>0</rateIdx>
      </rateInfos>
      <resolvedSignalObject></resolvedSignalObject>
      <autosarInfo type="ModelRefInfoRepo.AUTOSARInportInfo" uuid="ab1f3f6a-a115-4fb9-ba63-052e43f15180">
        <ElementName>Value</ElementName>
        <PortName>HighBeam_Status_In</PortName>
      </autosarInfo>
      <executionInterface type="ModelRefInfoRepo.InputExecutionInterface" uuid="2b52af7d-d56b-4745-a87c-03916e4e8477"/>
      <sigNameToEMVCEMap type="ModelRefInfoRepo.SigNameEMVCEInfo" uuid="6102b55a-33e6-4090-bc17-8a1cbec2979d"/>
    </inports>
    <inports type="ModelRefInfoRepo.InportInformation" uuid="c84a90ad-5391-4e35-8e7b-350592fbecd2">
      <isNotDerivPort>true</isNotDerivPort>
      <designMax>inf</designMax>
      <designMin>-inf</designMin>
      <indexType>2</indexType>
      <originalPortNumber>3</originalPortNumber>
      <rateInfos type="ModelRefInfoRepo.RateInfo">
        <compiled>true</compiled>
        <isEmpty>true</isEmpty>
        <nonFcnCallPartitionName>D1</nonFcnCallPartitionName>
        <period>.2</period>
        <priority>40</priority>
        <rateIdx>0</rateIdx>
      </rateInfos>
      <resolvedSignalObject></resolvedSignalObject>
      <autosarInfo type="ModelRefInfoRepo.AUTOSARInportInfo" uuid="23ab0d38-4af1-4a70-bde3-32c167441c05">
        <ElementName>Value</ElementName>
        <PortName>TurnRight_Status_In</PortName>
      </autosarInfo>
      <executionInterface type="ModelRefInfoRepo.InputExecutionInterface" uuid="b8d11772-264f-4233-aca6-2ee7ea06aec6"/>
      <sigNameToEMVCEMap type="ModelRefInfoRepo.SigNameEMVCEInfo" uuid="9c1cd624-9f2b-4392-8360-588d3e37b16a"/>
    </inports>
    <inports type="ModelRefInfoRepo.InportInformation" uuid="9435d76d-247a-46e8-9d98-4387aa4967a9">
      <isNotDerivPort>true</isNotDerivPort>
      <designMax>inf</designMax>
      <designMin>-inf</designMin>
      <indexType>2</indexType>
      <originalPortNumber>4</originalPortNumber>
      <rateInfos type="ModelRefInfoRepo.RateInfo">
        <compiled>true</compiled>
        <isEmpty>true</isEmpty>
        <nonFcnCallPartitionName>D1</nonFcnCallPartitionName>
        <period>.2</period>
        <priority>40</priority>
        <rateIdx>0</rateIdx>
      </rateInfos>
      <resolvedSignalObject></resolvedSignalObject>
      <autosarInfo type="ModelRefInfoRepo.AUTOSARInportInfo" uuid="51cc250c-5548-438b-960f-5af8b19d757a">
        <ElementName>Value</ElementName>
        <PortName>TurnLeft_Status_In</PortName>
      </autosarInfo>
      <executionInterface type="ModelRefInfoRepo.InputExecutionInterface" uuid="6de777da-55f9-434c-a911-21ab114f2b3d"/>
      <sigNameToEMVCEMap type="ModelRefInfoRepo.SigNameEMVCEInfo" uuid="52e69198-b093-47a5-9d14-10555592d303"/>
    </inports>
    <inports type="ModelRefInfoRepo.InportInformation" uuid="119c5b8d-3972-4bc0-a8d3-e6e643d978bf">
      <isNotDerivPort>true</isNotDerivPort>
      <designMax>inf</designMax>
      <designMin>-inf</designMin>
      <indexType>2</indexType>
      <originalPortNumber>5</originalPortNumber>
      <rateInfos type="ModelRefInfoRepo.RateInfo">
        <compiled>true</compiled>
        <isEmpty>true</isEmpty>
        <nonFcnCallPartitionName>D1</nonFcnCallPartitionName>
        <period>.2</period>
        <priority>40</priority>
        <rateIdx>0</rateIdx>
      </rateInfos>
      <resolvedSignalObject></resolvedSignalObject>
      <autosarInfo type="ModelRefInfoRepo.AUTOSARInportInfo" uuid="9366a740-ff8a-44c4-9b60-a918d07d7489">
        <ElementName>Value</ElementName>
        <PortName>FogLight_Status_In</PortName>
      </autosarInfo>
      <executionInterface type="ModelRefInfoRepo.InputExecutionInterface" uuid="46244ace-0384-4e85-86dc-d1726ec5a607"/>
      <sigNameToEMVCEMap type="ModelRefInfoRepo.SigNameEMVCEInfo" uuid="34a91a18-c99f-468d-afa0-37707837b582"/>
    </inports>
    <isBdInSimModeForSimCodegenVariants>false</isBdInSimModeForSimCodegenVariants>
    <isInlineParamsOn>true</isInlineParamsOn>
    <isOrigInportVirtualBus>true</isOrigInportVirtualBus>
    <isOrigInportVirtualBus>true</isOrigInportVirtualBus>
    <isOrigInportVirtualBus>true</isOrigInportVirtualBus>
    <isOrigInportVirtualBus>true</isOrigInportVirtualBus>
    <isOrigInportVirtualBus>true</isOrigInportVirtualBus>
    <isOrigInportVirtualBus>true</isOrigInportVirtualBus>
    <isOrigOutportVirtualBus>true</isOrigOutportVirtualBus>
    <isOrigOutportVirtualBus>true</isOrigOutportVirtualBus>
    <isOrigOutportVirtualBus>true</isOrigOutportVirtualBus>
    <isOrigOutportVirtualBus>true</isOrigOutportVirtualBus>
    <isOrigOutportVirtualBus>true</isOrigOutportVirtualBus>
    <isOrigOutportVirtualBus>true</isOrigOutportVirtualBus>
    <loggingSaveFormat>2</loggingSaveFormat>
    <maxFreqHz>-1.0</maxFreqHz>
    <numDataInputPorts>6</numDataInputPorts>
    <numLoggableJacobianDStates>0</numLoggableJacobianDStates>
    <origInportBusType></origInportBusType>
    <origInportBusType></origInportBusType>
    <origInportBusType></origInportBusType>
    <origInportBusType></origInportBusType>
    <origInportBusType></origInportBusType>
    <origInportBusType></origInportBusType>
    <origOutportBusOutputAsStruct>true</origOutportBusOutputAsStruct>
    <origOutportBusOutputAsStruct>true</origOutportBusOutputAsStruct>
    <origOutportBusOutputAsStruct>true</origOutportBusOutputAsStruct>
    <origOutportBusOutputAsStruct>true</origOutportBusOutputAsStruct>
    <origOutportBusOutputAsStruct>true</origOutportBusOutputAsStruct>
    <origOutportBusOutputAsStruct>true</origOutportBusOutputAsStruct>
    <origOutportBusType>Final_Out</origOutportBusType>
    <origOutportBusType>Final_Out</origOutportBusType>
    <origOutportBusType>Final_Out</origOutportBusType>
    <origOutportBusType>Final_Out</origOutportBusType>
    <origOutportBusType>Final_Out</origOutportBusType>
    <origOutportBusType>Final_Out</origOutportBusType>
    <outports type="ModelRefInfoRepo.OutportInformation" uuid="e39283f0-ab51-4b3b-a5ce-faa796ed3f2d">
      <designMax>inf</designMax>
      <designMin>-inf</designMin>
      <rateInfos type="ModelRefInfoRepo.RateInfo">
        <compiled>true</compiled>
        <isEmpty>true</isEmpty>
        <nonFcnCallPartitionName>D1</nonFcnCallPartitionName>
        <period>.2</period>
        <priority>40</priority>
        <rateIdx>0</rateIdx>
      </rateInfos>
      <resolvedSignalObject></resolvedSignalObject>
      <autosarInfo type="ModelRefInfoRepo.AUTOSAROutportInfo" uuid="b17a4f91-6506-4383-959c-2798bb770413">
        <ElementName>Value</ElementName>
        <PortName>DRL_Final</PortName>
      </autosarInfo>
      <executionInterface type="ModelRefInfoRepo.OutputExecutionInterface" uuid="024f3997-60d9-4bc6-8613-7ec74a529284"/>
      <sigNameToEMVCEMap type="ModelRefInfoRepo.SigNameEMVCEInfo" uuid="da410e01-d866-4e6d-b9c3-ace172500554"/>
    </outports>
    <outports type="ModelRefInfoRepo.OutportInformation" uuid="14a15be5-07f8-496e-99cd-426ba3be24d4">
      <designMax>inf</designMax>
      <designMin>-inf</designMin>
      <originalPortNumber>1</originalPortNumber>
      <rateInfos type="ModelRefInfoRepo.RateInfo">
        <compiled>true</compiled>
        <isEmpty>true</isEmpty>
        <nonFcnCallPartitionName>D1</nonFcnCallPartitionName>
        <period>.2</period>
        <priority>40</priority>
        <rateIdx>0</rateIdx>
      </rateInfos>
      <resolvedSignalObject></resolvedSignalObject>
      <autosarInfo type="ModelRefInfoRepo.AUTOSAROutportInfo" uuid="8df433a9-cc98-48c0-80db-6007b255a2ce">
        <ElementName>Value</ElementName>
        <PortName>LowBeam_Final</PortName>
      </autosarInfo>
      <executionInterface type="ModelRefInfoRepo.OutputExecutionInterface" uuid="bdd331db-e13c-4599-ab7a-aa9c7c0ec083"/>
      <sigNameToEMVCEMap type="ModelRefInfoRepo.SigNameEMVCEInfo" uuid="191c6a79-326f-4db1-b5f5-071bcc79c340"/>
    </outports>
    <outports type="ModelRefInfoRepo.OutportInformation" uuid="c1230ed6-c853-4eef-b24c-0d4b457ea466">
      <designMax>inf</designMax>
      <designMin>-inf</designMin>
      <originalPortNumber>2</originalPortNumber>
      <rateInfos type="ModelRefInfoRepo.RateInfo">
        <compiled>true</compiled>
        <isEmpty>true</isEmpty>
        <nonFcnCallPartitionName>D1</nonFcnCallPartitionName>
        <period>.2</period>
        <priority>40</priority>
        <rateIdx>0</rateIdx>
      </rateInfos>
      <resolvedSignalObject></resolvedSignalObject>
      <autosarInfo type="ModelRefInfoRepo.AUTOSAROutportInfo" uuid="ce9ac9dd-96ce-47a6-a6fd-1df0ef4d0845">
        <ElementName>Value</ElementName>
        <PortName>HighBeam_Final</PortName>
      </autosarInfo>
      <executionInterface type="ModelRefInfoRepo.OutputExecutionInterface" uuid="fb2908b2-66f2-489b-8d5e-f5bf3c6dbef0"/>
      <sigNameToEMVCEMap type="ModelRefInfoRepo.SigNameEMVCEInfo" uuid="937dadd5-7d61-4cc4-815b-d1ec20a2efe7"/>
    </outports>
    <outports type="ModelRefInfoRepo.OutportInformation" uuid="d7ca05c1-c8cc-4054-afa7-28ca1b488e30">
      <designMax>inf</designMax>
      <designMin>-inf</designMin>
      <originalPortNumber>3</originalPortNumber>
      <rateInfos type="ModelRefInfoRepo.RateInfo">
        <compiled>true</compiled>
        <isEmpty>true</isEmpty>
        <nonFcnCallPartitionName>D1</nonFcnCallPartitionName>
        <period>.2</period>
        <priority>40</priority>
        <rateIdx>0</rateIdx>
      </rateInfos>
      <resolvedSignalObject></resolvedSignalObject>
      <autosarInfo type="ModelRefInfoRepo.AUTOSAROutportInfo" uuid="f3c44760-08a8-47b5-8188-54e6011d68c7">
        <ElementName>Value</ElementName>
        <PortName>TurnRight_Final</PortName>
      </autosarInfo>
      <executionInterface type="ModelRefInfoRepo.OutputExecutionInterface" uuid="05d9986f-bad6-467e-819d-088794ab1849"/>
      <sigNameToEMVCEMap type="ModelRefInfoRepo.SigNameEMVCEInfo" uuid="52f5a795-01fa-445b-a826-fd6d63d050e5"/>
    </outports>
    <outports type="ModelRefInfoRepo.OutportInformation" uuid="61be691f-f97e-49b8-9fff-11f287eb930f">
      <designMax>inf</designMax>
      <designMin>-inf</designMin>
      <originalPortNumber>4</originalPortNumber>
      <rateInfos type="ModelRefInfoRepo.RateInfo">
        <compiled>true</compiled>
        <isEmpty>true</isEmpty>
        <nonFcnCallPartitionName>D1</nonFcnCallPartitionName>
        <period>.2</period>
        <priority>40</priority>
        <rateIdx>0</rateIdx>
      </rateInfos>
      <resolvedSignalObject></resolvedSignalObject>
      <autosarInfo type="ModelRefInfoRepo.AUTOSAROutportInfo" uuid="2d5613a3-d161-42cf-ae31-d898e1adb853">
        <ElementName>Value</ElementName>
        <PortName>TurnLeft_Final</PortName>
      </autosarInfo>
      <executionInterface type="ModelRefInfoRepo.OutputExecutionInterface" uuid="8da6b8bb-90d5-4b04-b058-3d3007bd1378"/>
      <sigNameToEMVCEMap type="ModelRefInfoRepo.SigNameEMVCEInfo" uuid="06e11ee1-430c-4a7f-ae05-b28f54eadb31"/>
    </outports>
    <outports type="ModelRefInfoRepo.OutportInformation" uuid="b8d8580e-6eba-46bb-a430-f4cba474957f">
      <designMax>inf</designMax>
      <designMin>-inf</designMin>
      <originalPortNumber>5</originalPortNumber>
      <rateInfos type="ModelRefInfoRepo.RateInfo">
        <compiled>true</compiled>
        <isEmpty>true</isEmpty>
        <nonFcnCallPartitionName>D1</nonFcnCallPartitionName>
        <period>.2</period>
        <priority>40</priority>
        <rateIdx>0</rateIdx>
      </rateInfos>
      <resolvedSignalObject></resolvedSignalObject>
      <autosarInfo type="ModelRefInfoRepo.AUTOSAROutportInfo" uuid="4b6566c3-c1fd-4081-ac01-6bae64e1b3c0">
        <ElementName>Value</ElementName>
        <PortName>FogLight_Final</PortName>
      </autosarInfo>
      <executionInterface type="ModelRefInfoRepo.OutputExecutionInterface" uuid="24d6a0fd-bf26-48a3-a6e6-f5dcf042790c"/>
      <sigNameToEMVCEMap type="ModelRefInfoRepo.SigNameEMVCEInfo" uuid="dc732ee5-d604-4309-95d9-ff71600fcb8b"/>
    </outports>
    <removeResetFunc>true</removeResetFunc>
    <runtimeNonFcnCallRateInfos type="ModelRefInfoRepo.RateInfo">
      <compiled>true</compiled>
      <isEmpty>true</isEmpty>
      <nonFcnCallPartitionName>D1</nonFcnCallPartitionName>
      <period>.2</period>
      <priority>40</priority>
      <rateIdx>0</rateIdx>
    </runtimeNonFcnCallRateInfos>
    <sampleTimeInheritanceRule>1</sampleTimeInheritanceRule>
    <solverStatusFlags>331</solverStatusFlags>
    <timingAndTaskingRegistry>&lt;?xml version=&quot;1.0&quot;?&gt;
&lt;slexec_sto version=&quot;1.1&quot; packageUris=&quot;http://schema.mathworks.com/mf0/slexec_mm_sto/R2024a_202305081229&quot;&gt;
  &lt;sto.Registry type=&quot;sto.Registry&quot; uuid=&quot;e3cbdd00-e794-4b71-b00d-468c52acf91d&quot;&gt;
    &lt;executionSpec&gt;Undetermined&lt;/executionSpec&gt;
    &lt;identifier&gt;Actuator&lt;/identifier&gt;
    &lt;clockRegistry type=&quot;sto.ClockRegistry&quot; uuid=&quot;8da58a57-2f6c-4c58-9519-777ccf81d39e&quot;&gt;
      &lt;clocks type=&quot;sto.Timer&quot; uuid=&quot;669f97f6-de65-4e73-bda4-4ede64b9bdd5&quot;&gt;
        &lt;computedFundamentalDiscretePeriod&gt;.2&lt;/computedFundamentalDiscretePeriod&gt;
        &lt;fastestDiscreteRate type=&quot;sto.ClassicPeriodicDiscreteRate&quot; uuid=&quot;ef38a97a-7f4b-4b2a-8f6a-4555014ec3e0&quot;/&gt;
        &lt;isDefaultTimer&gt;true&lt;/isDefaultTimer&gt;
        &lt;resolution&gt;.2&lt;/resolution&gt;
        &lt;timeAdvanceMode&gt;FixedStep&lt;/timeAdvanceMode&gt;
        &lt;identifier&gt;Actuator::defaultTimer&lt;/identifier&gt;
        &lt;rates type=&quot;sto.ClassicPeriodicDiscreteRate&quot; uuid=&quot;ef38a97a-7f4b-4b2a-8f6a-4555014ec3e0&quot;&gt;
          &lt;annotation&gt;D1&lt;/annotation&gt;
          &lt;clockId&gt;Actuator::defaultTimer&lt;/clockId&gt;
          &lt;description&gt;Discrete 1&lt;/description&gt;
          &lt;taskId&gt;_task0&lt;/taskId&gt;
          &lt;rateSpec type=&quot;sto.RateSpec&quot; uuid=&quot;598db96d-e99d-445f-8f0a-34f33e9dd34a&quot;&gt;
            &lt;period&gt;.2&lt;/period&gt;
            &lt;rateType&gt;ClassicPeriodicDiscrete&lt;/rateType&gt;
          &lt;/rateSpec&gt;
        &lt;/rates&gt;
        &lt;baseRate type=&quot;sto.ClassicPeriodicDiscreteRate&quot; uuid=&quot;49fcd481-b0f8-4ec4-ab00-d78ed549b7c0&quot;&gt;
          &lt;annotation&gt;D1&lt;/annotation&gt;
          &lt;clockId&gt;Actuator::defaultTimer&lt;/clockId&gt;
          &lt;description&gt;Discrete 1&lt;/description&gt;
          &lt;taskId&gt;_task0&lt;/taskId&gt;
          &lt;rateSpec type=&quot;sto.RateSpec&quot; uuid=&quot;067bbbb1-b475-4284-9b42-f85a2de3b793&quot;&gt;
            &lt;period&gt;.2&lt;/period&gt;
            &lt;rateType&gt;ClassicPeriodicDiscrete&lt;/rateType&gt;
          &lt;/rateSpec&gt;
        &lt;/baseRate&gt;
      &lt;/clocks&gt;
      &lt;timeAdvanceMode&gt;FixedStep&lt;/timeAdvanceMode&gt;
    &lt;/clockRegistry&gt;
    &lt;taskRegistry type=&quot;sto.TaskRegistry&quot; uuid=&quot;13fccb38-bb8b-4fd6-a40f-33c8621cbe13&quot;&gt;
      &lt;rootTaskHierarchyElements type=&quot;sto.Task&quot; uuid=&quot;bc6f6d57-3a7a-46e6-81ac-44896d830571&quot;&gt;
        &lt;isExecutable&gt;true&lt;/isExecutable&gt;
        &lt;orderIndex&gt;1&lt;/orderIndex&gt;
        &lt;rates type=&quot;sto.ClassicPeriodicDiscreteRate&quot; uuid=&quot;f4bc3e85-ca8a-4826-acec-c4bcb72b7157&quot;&gt;
          &lt;annotation&gt;D1&lt;/annotation&gt;
          &lt;clockId&gt;Actuator::defaultTimer&lt;/clockId&gt;
          &lt;description&gt;Discrete 1&lt;/description&gt;
          &lt;taskId&gt;_task0&lt;/taskId&gt;
          &lt;rateSpec type=&quot;sto.RateSpec&quot; uuid=&quot;8078f836-95f6-48de-81a3-73fd07c0d3d0&quot;&gt;
            &lt;period&gt;.2&lt;/period&gt;
            &lt;rateType&gt;ClassicPeriodicDiscrete&lt;/rateType&gt;
          &lt;/rateSpec&gt;
        &lt;/rates&gt;
        &lt;schedulingClockId&gt;Actuator::defaultTimer&lt;/schedulingClockId&gt;
        &lt;timeKeeperClockId&gt;Actuator::defaultTimer&lt;/timeKeeperClockId&gt;
        &lt;elementType&gt;Task&lt;/elementType&gt;
        &lt;identifier&gt;_task0&lt;/identifier&gt;
        &lt;priority&gt;40&lt;/priority&gt;
      &lt;/rootTaskHierarchyElements&gt;
      &lt;taskDependencyGraph type=&quot;sto.SerializedTaskConnectionList&quot; uuid=&quot;8b96e1eb-cc3d-43d3-a94f-b30271ecc42a&quot;&gt;
        &lt;clockIdentifier&gt;Actuator::defaultTimer&lt;/clockIdentifier&gt;
        &lt;taskIdentifier&gt;_task0&lt;/taskIdentifier&gt;
      &lt;/taskDependencyGraph&gt;
      &lt;taskPriorityDirection&gt;HighNumberLast&lt;/taskPriorityDirection&gt;
      &lt;taskingMode&gt;ClassicMultiTasking&lt;/taskingMode&gt;
    &lt;/taskRegistry&gt;
  &lt;/sto.Registry&gt;
&lt;/slexec_sto&gt;</timingAndTaskingRegistry>
    <zeroInternalMemoryAtStartupUnchecked>true</zeroInternalMemoryAtStartupUnchecked>
    <FMUBlockMap type="ModelRefInfoRepo.FMUBlockInfo" uuid="7705d529-40c0-4837-b5ef-1ec529d89c26"/>
    <codeGenInfo type="ModelRefInfoRepo.CodeGenInformation" uuid="147deea3-d643-4153-a708-f64dc11661d7"/>
    <compiledVariantInfos type="ModelRefInfoRepo.CompiledVariantInfoMap" uuid="68cbc171-c7fe-439d-9e0a-064605166f2b"/>
    <configSettingsForConsistencyChecks type="ModelRefInfoRepo.ConfigSettingsForConsistencyChecks" uuid="1ca2b456-7a3d-4345-b88a-625ed04164e3">
      <LUTObjectStructOrderEvenSpacing>1</LUTObjectStructOrderEvenSpacing>
      <consistentOutportInitialization>true</consistentOutportInitialization>
      <fixedStepSize>.2</fixedStepSize>
      <frameDiagnosticSetting>2</frameDiagnosticSetting>
      <hasHybridSampleTime>true</hasHybridSampleTime>
      <optimizedInitCode>true</optimizedInitCode>
      <signalLoggingSaveFormat>2</signalLoggingSaveFormat>
      <simSIMDOptimization>1</simSIMDOptimization>
      <solverName>FixedStepDiscrete</solverName>
      <solverType>SOLVER_TYPE_FIXEDSTEP</solverType>
      <hardwareSettings type="ModelRefInfoRepo.HardwareSettings" uuid="3aedaaa7-fa30-4774-9737-da40d8da0776">
        <prodBitPerChar>8</prodBitPerChar>
        <prodBitPerDouble>64</prodBitPerDouble>
        <prodBitPerFloat>32</prodBitPerFloat>
        <prodBitPerInt>32</prodBitPerInt>
        <prodBitPerLong>32</prodBitPerLong>
        <prodBitPerLongLong>64</prodBitPerLongLong>
        <prodBitPerPointer>64</prodBitPerPointer>
        <prodBitPerPtrDiffT>64</prodBitPerPtrDiffT>
        <prodBitPerShort>16</prodBitPerShort>
        <prodBitPerSizeT>64</prodBitPerSizeT>
        <prodEndianess>1</prodEndianess>
        <prodShiftRight>true</prodShiftRight>
        <prodWordSize>64</prodWordSize>
      </hardwareSettings>
    </configSettingsForConsistencyChecks>
    <controllableInputRatesMap type="ModelRefInfoRepo.VarTsUIDMap" uuid="e612212b-8026-4ae3-9430-14425e901469"/>
    <controllableOutputRatesMap type="ModelRefInfoRepo.VarTsUIDMap" uuid="08a930cb-4c23-494b-bcb8-b833863d377d"/>
    <dataPortGroup type="ModelRefInfoRepo.DataPortGroup" uuid="7f205e23-42df-4e9b-bf92-82261d6582a6">
      <compDataInputPorts>0</compDataInputPorts>
      <compDataInputPorts>1</compDataInputPorts>
      <compDataInputPorts>2</compDataInputPorts>
      <compDataInputPorts>3</compDataInputPorts>
      <compDataInputPorts>4</compDataInputPorts>
      <compDataInputPorts>5</compDataInputPorts>
      <compDataOutputPorts>0</compDataOutputPorts>
      <compDataOutputPorts>1</compDataOutputPorts>
      <compDataOutputPorts>2</compDataOutputPorts>
      <compDataOutputPorts>3</compDataOutputPorts>
      <compDataOutputPorts>4</compDataOutputPorts>
      <compDataOutputPorts>5</compDataOutputPorts>
      <dataInputPorts>0</dataInputPorts>
      <dataInputPorts>1</dataInputPorts>
      <dataInputPorts>2</dataInputPorts>
      <dataInputPorts>3</dataInputPorts>
      <dataInputPorts>4</dataInputPorts>
      <dataInputPorts>5</dataInputPorts>
      <dataOutputPorts>0</dataOutputPorts>
      <dataOutputPorts>1</dataOutputPorts>
      <dataOutputPorts>2</dataOutputPorts>
      <dataOutputPorts>3</dataOutputPorts>
      <dataOutputPorts>4</dataOutputPorts>
      <dataOutputPorts>5</dataOutputPorts>
    </dataPortGroup>
    <expFcnUnconnectedDataPortGroup type="ModelRefInfoRepo.DataPortGroup" uuid="0fbd451c-af23-4c38-968c-566e77e1c697"/>
    <interfaceParameterInfo type="ModelRefInfoRepo.InterfaceParameterInfo" uuid="22d53e5f-2ac2-4688-b92a-1eaa40cc9cb4"/>
    <messageInfo type="ModelRefInfoRepo.MessageInformation" uuid="ebd7dd56-7508-4244-833d-a64195ae9702"/>
    <methodInfo type="ModelRefInfoRepo.MethodExistenceInfo" uuid="ebadd4bd-9e77-4489-94b3-60a0c17461d1"/>
    <periodicEventPortUnsupportedBlockInfo type="ModelRefInfoRepo.PeriodicEventPortUnsupportedBlockInfo" uuid="20c7d629-ff65-4435-ac0d-e61eaa56abd3"/>
    <portGroupsRequireSameRate type="ModelRefInfoRepo.PortGroupsRequireSameRate" uuid="a1ca823b-ea55-498c-97c4-9178d0bbbb9c">
      <DSMPortGroups type="ModelRefInfoRepo.NameToPortGroupIdxVectMap" uuid="e756cbe8-020e-4f91-8389-b9b548333392"/>
      <GlobalDSMPortGroups type="ModelRefInfoRepo.NameToPortGroupIdxVectMap" uuid="5b70f86e-5501-46de-89da-0100878d90cb"/>
      <mergedPortGroups type="ModelRefInfoRepo.NameToPortGroupIdxVectMap" uuid="e40536a8-9618-4129-8f17-a7eea27f618f"/>
    </portGroupsRequireSameRate>
    <rateBasedMdlGlobalDSMRateSpec type="ModelRefInfoRepo.GlobalDSMRateSpecMap" uuid="692491ea-61b0-4531-b163-9eeda6bcce6b"/>
    <rateSpecOfGlobalDSMAccessedByDescExpFcnMdlMap type="ModelRefInfoRepo.GlobalDSMRateSpecMap" uuid="d434216b-824e-477f-96ce-ea9bf1c0ec97"/>
    <rootBlockDiagramInterface type="ci.Model" uuid="841ede3d-94b0-434d-8cd5-3aa53182db2b">
      <p_RootComponentInterface type="ci.ComponentInterface" uuid="8fbf4729-9ee2-41d5-8828-9366103d5401">
        <p_InputPorts type="ci.SignalInterface" uuid="46d9f24d-b73e-44cd-87ea-914689ac7f4b">
          <p_ComputedNumericDimensions>1.0</p_ComputedNumericDimensions>
          <p_ComputedSampleTime>.2</p_ComputedSampleTime>
          <p_ComputedSampleTime>0.0</p_ComputedSampleTime>
          <p_ComputedType>boolean</p_ComputedType>
          <p_Name>DRL_Status_In_Value</p_Name>
        </p_InputPorts>
        <p_InputPorts type="ci.SignalInterface" uuid="2e98c5e6-ec66-4dd8-9259-dabac7e21742">
          <p_ComputedNumericDimensions>1.0</p_ComputedNumericDimensions>
          <p_ComputedSampleTime>.2</p_ComputedSampleTime>
          <p_ComputedSampleTime>0.0</p_ComputedSampleTime>
          <p_ComputedType>boolean</p_ComputedType>
          <p_Name>LowBeam_Status_In_Value</p_Name>
        </p_InputPorts>
        <p_InputPorts type="ci.SignalInterface" uuid="1d9b979a-3207-4ea7-9d10-1f0645de0de9">
          <p_ComputedNumericDimensions>1.0</p_ComputedNumericDimensions>
          <p_ComputedSampleTime>.2</p_ComputedSampleTime>
          <p_ComputedSampleTime>0.0</p_ComputedSampleTime>
          <p_ComputedType>boolean</p_ComputedType>
          <p_Name>HighBeam_Status_In_Value</p_Name>
        </p_InputPorts>
        <p_InputPorts type="ci.SignalInterface" uuid="964a47bd-1be8-4e5a-bccd-c50b48f7a4a3">
          <p_ComputedNumericDimensions>1.0</p_ComputedNumericDimensions>
          <p_ComputedSampleTime>.2</p_ComputedSampleTime>
          <p_ComputedSampleTime>0.0</p_ComputedSampleTime>
          <p_ComputedType>boolean</p_ComputedType>
          <p_Name>TurnRight_Status_In_Value</p_Name>
        </p_InputPorts>
        <p_InputPorts type="ci.SignalInterface" uuid="2d86a8a8-c971-4854-a052-fcb9ab81d9ea">
          <p_ComputedNumericDimensions>1.0</p_ComputedNumericDimensions>
          <p_ComputedSampleTime>.2</p_ComputedSampleTime>
          <p_ComputedSampleTime>0.0</p_ComputedSampleTime>
          <p_ComputedType>boolean</p_ComputedType>
          <p_Name>TurnLeft_Status_In_Value</p_Name>
        </p_InputPorts>
        <p_InputPorts type="ci.SignalInterface" uuid="59e593eb-848d-4b6c-a949-9050832fd506">
          <p_ComputedNumericDimensions>1.0</p_ComputedNumericDimensions>
          <p_ComputedSampleTime>.2</p_ComputedSampleTime>
          <p_ComputedSampleTime>0.0</p_ComputedSampleTime>
          <p_ComputedType>boolean</p_ComputedType>
          <p_Name>FogLight_Status_In_Value</p_Name>
        </p_InputPorts>
        <p_Name>Actuator</p_Name>
        <p_OutputPorts type="ci.SignalInterface" uuid="c3540df3-adfa-4c59-810d-08bf53574f73">
          <p_ComputedNumericDimensions>1.0</p_ComputedNumericDimensions>
          <p_ComputedSampleTime>.2</p_ComputedSampleTime>
          <p_ComputedSampleTime>0.0</p_ComputedSampleTime>
          <p_ComputedType>boolean</p_ComputedType>
          <p_Name>DRL_Final_Value</p_Name>
        </p_OutputPorts>
        <p_OutputPorts type="ci.SignalInterface" uuid="fca5e826-85a4-4d13-bf7e-bca6acd13bf2">
          <p_ComputedNumericDimensions>1.0</p_ComputedNumericDimensions>
          <p_ComputedSampleTime>.2</p_ComputedSampleTime>
          <p_ComputedSampleTime>0.0</p_ComputedSampleTime>
          <p_ComputedType>boolean</p_ComputedType>
          <p_Name>LowBeam_Final_Value</p_Name>
        </p_OutputPorts>
        <p_OutputPorts type="ci.SignalInterface" uuid="f1d8492d-18ac-4cdd-a687-13c746d03f77">
          <p_ComputedNumericDimensions>1.0</p_ComputedNumericDimensions>
          <p_ComputedSampleTime>.2</p_ComputedSampleTime>
          <p_ComputedSampleTime>0.0</p_ComputedSampleTime>
          <p_ComputedType>boolean</p_ComputedType>
          <p_Name>HighBeam_Final_Value</p_Name>
        </p_OutputPorts>
        <p_OutputPorts type="ci.SignalInterface" uuid="5f61b871-e303-4e74-8464-e6402b038892">
          <p_ComputedNumericDimensions>1.0</p_ComputedNumericDimensions>
          <p_ComputedSampleTime>.2</p_ComputedSampleTime>
          <p_ComputedSampleTime>0.0</p_ComputedSampleTime>
          <p_ComputedType>boolean</p_ComputedType>
          <p_Name>TurnRight_Final_Value</p_Name>
        </p_OutputPorts>
        <p_OutputPorts type="ci.SignalInterface" uuid="d948e6cb-3d88-4a1b-b7d8-61d65d9a2403">
          <p_ComputedNumericDimensions>1.0</p_ComputedNumericDimensions>
          <p_ComputedSampleTime>.2</p_ComputedSampleTime>
          <p_ComputedSampleTime>0.0</p_ComputedSampleTime>
          <p_ComputedType>boolean</p_ComputedType>
          <p_Name>TurnLeft_Final_Value</p_Name>
        </p_OutputPorts>
        <p_OutputPorts type="ci.SignalInterface" uuid="108d86aa-9faf-4443-a4a9-ae060e7db5e1">
          <p_ComputedNumericDimensions>1.0</p_ComputedNumericDimensions>
          <p_ComputedSampleTime>.2</p_ComputedSampleTime>
          <p_ComputedSampleTime>0.0</p_ComputedSampleTime>
          <p_ComputedType>boolean</p_ComputedType>
          <p_Name>FogLight_Final_Value</p_Name>
        </p_OutputPorts>
        <p_Type>ROOT</p_Type>
      </p_RootComponentInterface>
    </rootBlockDiagramInterface>
    <simulinkFunctions type="ModelRefInfoRepo.SimulinkFunctions" uuid="b77e3d9a-b6ab-4b2a-a574-95de7443c34f">
      <compSimulinkFunctionCatalog></compSimulinkFunctionCatalog>
    </simulinkFunctions>
    <sltpContext type="sltp.mm.core.Context" uuid="0b8f9cb0-efc3-446c-982e-e483f1afd20a">
      <globalData type="sltp.mm.core.GlobalData" uuid="db79cd1c-a3eb-48e5-9c73-75bb79a42ccc">
        <dataName>portDRL_Final_Value</dataName>
        <type>RootOutport</type>
      </globalData>
      <globalData type="sltp.mm.core.GlobalData" uuid="6efc90ba-22a2-4edf-a6b2-209abdb3a13b">
        <dataName>portDRL_Status_In_Value</dataName>
        <type>RootInport</type>
      </globalData>
      <globalData type="sltp.mm.core.GlobalData" uuid="7a4fac95-c03c-45f7-af11-5a9caa213ca7">
        <dataName>portFogLight_Final_Value</dataName>
        <type>RootOutport</type>
      </globalData>
      <globalData type="sltp.mm.core.GlobalData" uuid="1140a51a-d9f7-4d4d-a277-534315c2ca5f">
        <dataName>portFogLight_Status_In_Value</dataName>
        <type>RootInport</type>
      </globalData>
      <globalData type="sltp.mm.core.GlobalData" uuid="a76e7194-a31a-4cab-b5fd-d0fc2c613378">
        <dataName>portHighBeam_Final_Value</dataName>
        <type>RootOutport</type>
      </globalData>
      <globalData type="sltp.mm.core.GlobalData" uuid="91047684-47eb-48cc-980f-7e942e4e3614">
        <dataName>portHighBeam_Status_In_Value</dataName>
        <type>RootInport</type>
      </globalData>
      <globalData type="sltp.mm.core.GlobalData" uuid="d552cc77-9f1e-4bd2-b5ec-d79c6b4364ad">
        <dataName>portLowBeam_Final_Value</dataName>
        <type>RootOutport</type>
      </globalData>
      <globalData type="sltp.mm.core.GlobalData" uuid="ef5af724-d542-4c0f-b903-2bd7c1b66276">
        <dataName>portLowBeam_Status_In_Value</dataName>
        <type>RootInport</type>
      </globalData>
      <globalData type="sltp.mm.core.GlobalData" uuid="5b9969d0-3341-4a69-b329-e6f6f2d2845e">
        <dataName>portTurnLeft_Final_Value</dataName>
        <type>RootOutport</type>
      </globalData>
      <globalData type="sltp.mm.core.GlobalData" uuid="3c2c11e9-6f99-45fb-9859-807704feca69">
        <dataName>portTurnLeft_Status_In_Value</dataName>
        <type>RootInport</type>
      </globalData>
      <globalData type="sltp.mm.core.GlobalData" uuid="e6ca7aa7-57d6-46d8-98dc-adc1556fb7b4">
        <dataName>portTurnRight_Final_Value</dataName>
        <type>RootOutport</type>
      </globalData>
      <globalData type="sltp.mm.core.GlobalData" uuid="743dce6b-6a1f-4dbf-b234-4a90f6077790">
        <dataName>portTurnRight_Status_In_Value</dataName>
        <type>RootInport</type>
      </globalData>
      <priorityDirection>HighNumberLast</priorityDirection>
      <defaultEventBehavior type="sltp.mm.core.EventBehavior" uuid="5c2f0562-13b8-434b-8349-1a92fcad866c"/>
      <editorState type="sltp.mm.core.EditorState" uuid="b9b222e0-154e-405f-a447-7b05ad43570e">
        <isSynchronized>true</isSynchronized>
        <panelState type="sltp.mm.core.EditorPanelState" uuid="67d05b3a-9417-4bd9-8c1d-9b845be876fc"/>
      </editorState>
      <rootTask type="sltp.mm.core.Task" uuid="4906fec7-c361-47ec-a750-6d48830754e7">
        <context type="sltp.mm.core.Context" uuid="0b8f9cb0-efc3-446c-982e-e483f1afd20a"/>
        <explicit>false</explicit>
        <name>Default</name>
        <priority>-2147483648</priority>
        <subgraph type="sltp.mm.core.Graph" uuid="fccb2340-3bda-4f96-8bce-8f233b7188ca">
          <tasks type="sltp.mm.core.Task" uuid="f1114b86-b0e0-4b20-af47-673dd83adc9e">
            <context type="sltp.mm.core.Context" uuid="0b8f9cb0-efc3-446c-982e-e483f1afd20a"/>
            <explicit>false</explicit>
            <id>1</id>
            <isTimed>true</isTimed>
            <name>D1</name>
            <priority>40</priority>
            <rates type="sltp.mm.core.Rate" uuid="3e6d40b9-92d8-4534-9125-b1507ead8618">
              <annotation>D1</annotation>
              <color>-12240129</color>
              <hasBlocks>true</hasBlocks>
              <identifier>ClassicPeriodicDiscrete0.20</identifier>
              <rateIndex>0</rateIndex>
              <rateSpec type="sltp.mm.core.RateSpec">
                <period>.2</period>
              </rateSpec>
              <sti>0</sti>
            </rates>
          </tasks>
        </subgraph>
      </rootTask>
    </sltpContext>
    <stateWriterToOwnerMap type="ModelRefInfoRepo.StateWriterInfo" uuid="4d3e2359-5821-465f-a488-837b49330978"/>
    <stoClientDataRegistry type="sto.ClientDataRegistry" uuid="269d01f9-c7e7-4958-8ce0-0e6f2f42420c">
      <dataSets type="sto.ClientClockNamedDataSet" uuid="45696522-881c-4e4c-8b63-71eb13f84a82">
        <tag>sltpEvents</tag>
      </dataSets>
      <dataSets type="sto.ClientTaskHierarchyElementNamedDataSet" uuid="7cec4bcb-3424-46c9-9910-07adec8d81fb">
        <tag>sltpTaskGroups</tag>
      </dataSets>
      <dataSets type="sto.ClientTaskHierarchyElementNamedDataSet" uuid="08089b76-6088-4f2e-9a12-3a09b6c646f7">
        <dSet type="ModelRefInfoRepo.SltpTaskData" uuid="44a25557-8e4c-473e-8734-5d751852b89f"/>
        <tSet type="ModelRefInfoRepo.SltpTaskData" uuid="44a25557-8e4c-473e-8734-5d751852b89f">
          <dataName>D1</dataName>
          <linkedSet type="sto.ClientTaskHierarchyElementNamedDataSet" uuid="08089b76-6088-4f2e-9a12-3a09b6c646f7"/>
          <id type="sto.TaskHierarchyElementId">
            <clockId>Actuator::defaultTimer</clockId>
            <id>_task0</id>
          </id>
        </tSet>
        <tag>sltpTasks</tag>
      </dataSets>
    </stoClientDataRegistry>
    <varTsUIDMap type="ModelRefInfoRepo.VarTsUIDMap" uuid="ca05c432-9b7e-44de-bf38-8743e8d0fb3c"/>
  </ModelRefInfoRepo.ModelRefInfoRoot>
</MF0>