<?xml version="1.0" encoding="UTF-8"?>
<MF0 version="1.1" packageUris="http://schema.mathworks.com/mf0/ci/19700101 http://schema.mathworks.com/mf0/sl_modelref_info/R2024a http://schema.mathworks.com/mf0/slexec_mm_sto/R2024a_202305081229 http://schema.mathworks.com/mf0/sltp_mm/R2023a_202209151115">
  <ModelRefInfoRepo.ModelRefInfoRoot type="ModelRefInfoRepo.ModelRefInfoRoot" uuid="0b58fb32-53d2-423e-b370-5c3d0ba7186f">
    <childModelRefInfo type="ModelRefInfoRepo.ChildModelRefInfo" uuid="42b9e34f-f54b-4a0d-b124-27b271823e6a">
      <modelName>Night_Detector</modelName>
      <modelPath>Night_Detector</modelPath>
    </childModelRefInfo>
    <compiledTFinal>10.0</compiledTFinal>
    <containsInitResetTermSampleTimes>true</containsInitResetTermSampleTimes>
    <dataDictionary>dict.sldd</dataDictionary>
    <dataDictionarySet>dict.sldd</dataDictionarySet>
    <dataSourceInfo type="ModelRefInfoRepo.DataSourceInfo" uuid="8ba8d428-9b19-46f2-9642-bb40b40aa8f1">
      <dataSources type="ModelRefInfoRepo.SourceInfo" uuid="f62956d2-5d71-4907-a07c-e434f8f24f00">
        <includeAllSections>true</includeAllSections>
        <sourceName>dict.sldd</sourceName>
        <type>DataDictionary</type>
      </dataSources>
      <dataSources type="ModelRefInfoRepo.SourceInfo" uuid="c72d1349-0ca8-49cc-8d95-6c706549d1d9">
        <includeAllSections>true</includeAllSections>
        <sourceName>base workspace</sourceName>
        <type>BaseWorkspace</type>
      </dataSources>
      <modelName>Night_Detector</modelName>
    </dataSourceInfo>
    <dataTransferInfos>AAFJTQAAAAAOAAAAOAAAAAYAAAAIAAAAAgAAAAAAAAAFAAAACAAAAAAAAAABAAAAAQAAAAAAAAAFAAQAAQAAAAEAAAAAAAAA</dataTransferInfos>
    <fastestNoncontSigFeedingDerivPorts>-1.0</fastestNoncontSigFeedingDerivPorts>
    <fundamentalSampleTimePeriod>.2</fundamentalSampleTimePeriod>
    <globalVariables>#Ignition_State#dict.sldd#</globalVariables>
    <globalVariables>#Inter_Comp#dict.sldd#</globalVariables>
    <globalVariables>#Light_Data#dict.sldd#</globalVariables>
    <globalVariables>#Lux_t#dict.sldd#</globalVariables>
    <grCompInputPortMaps>0,0,0;1,1,1</grCompInputPortMaps>
    <grCompOutputPortMaps>0,0,0</grCompOutputPortMaps>
    <hasBlockWithPeriodicDiscreteSampleTime>true</hasBlockWithPeriodicDiscreteSampleTime>
    <hasBwsAccessed>true</hasBwsAccessed>
    <hasNonVirtualConstantTs>true</hasNonVirtualConstantTs>
    <inports type="ModelRefInfoRepo.InportInformation" uuid="5b0ef3d3-7c9e-4766-b3c2-518f6c33a2a5">
      <isNotDerivPort>true</isNotDerivPort>
      <designMax>1.0</designMax>
      <indexType>2</indexType>
      <rateInfos type="ModelRefInfoRepo.RateInfo">
        <compiled>true</compiled>
        <nonFcnCallPartitionName>D1</nonFcnCallPartitionName>
        <period>.2</period>
        <priority>40</priority>
        <rateIdx>0</rateIdx>
      </rateInfos>
      <resolvedSignalObject></resolvedSignalObject>
      <autosarInfo type="ModelRefInfoRepo.AUTOSARInportInfo" uuid="4b239d63-9c06-44e9-bef9-dc2c4e4ec03a">
        <ElementName>Value</ElementName>
        <PortName>Ignition_State</PortName>
      </autosarInfo>
      <executionInterface type="ModelRefInfoRepo.InputExecutionInterface" uuid="142e4dde-76f8-474f-a59e-8fcf9b784f40"/>
      <sigNameToEMVCEMap type="ModelRefInfoRepo.SigNameEMVCEInfo" uuid="f97f5694-982c-4e2e-b082-dba9a63740ec"/>
    </inports>
    <inports type="ModelRefInfoRepo.InportInformation" uuid="75d27039-f56b-498f-952e-a9e9da1e907f">
      <isNotDerivPort>true</isNotDerivPort>
      <designMax>64000.0</designMax>
      <indexType>2</indexType>
      <originalPortNumber>1</originalPortNumber>
      <rateInfos type="ModelRefInfoRepo.RateInfo">
        <compiled>true</compiled>
        <nonFcnCallPartitionName>D1</nonFcnCallPartitionName>
        <period>.2</period>
        <priority>40</priority>
        <rateIdx>0</rateIdx>
      </rateInfos>
      <resolvedSignalObject></resolvedSignalObject>
      <autosarInfo type="ModelRefInfoRepo.AUTOSARInportInfo" uuid="dc555a5e-775b-42eb-9d66-b76415d2e240">
        <ElementName>Value</ElementName>
        <PortName>Light_Data</PortName>
      </autosarInfo>
      <executionInterface type="ModelRefInfoRepo.InputExecutionInterface" uuid="ecc8f1db-d81a-454c-9a18-7edfac004ada"/>
      <sigNameToEMVCEMap type="ModelRefInfoRepo.SigNameEMVCEInfo" uuid="3f5a0b4e-931d-4379-bc75-eeced97c7fe4"/>
    </inports>
    <isBdInSimModeForSimCodegenVariants>false</isBdInSimModeForSimCodegenVariants>
    <isInlineParamsOn>true</isInlineParamsOn>
    <isOrigInportVirtualBus>true</isOrigInportVirtualBus>
    <isOrigInportVirtualBus>true</isOrigInportVirtualBus>
    <isOrigOutportVirtualBus>true</isOrigOutportVirtualBus>
    <loggingSaveFormat>2</loggingSaveFormat>
    <maxFreqHz>-1.0</maxFreqHz>
    <numDataInputPorts>2</numDataInputPorts>
    <numLoggableJacobianDStates>0</numLoggableJacobianDStates>
    <origInportBusType></origInportBusType>
    <origInportBusType></origInportBusType>
    <origOutportBusOutputAsStruct>true</origOutportBusOutputAsStruct>
    <origOutportBusType>Inter_Comp</origOutportBusType>
    <outports type="ModelRefInfoRepo.OutportInformation" uuid="857fdd42-71a3-4f26-82d8-dd77b762159b">
      <designMax>inf</designMax>
      <designMin>-inf</designMin>
      <rateInfos type="ModelRefInfoRepo.RateInfo">
        <compiled>true</compiled>
        <nonFcnCallPartitionName>D1</nonFcnCallPartitionName>
        <period>.2</period>
        <priority>40</priority>
        <rateIdx>0</rateIdx>
      </rateInfos>
      <resolvedSignalObject></resolvedSignalObject>
      <autosarInfo type="ModelRefInfoRepo.AUTOSAROutportInfo" uuid="cb1d6eb0-8906-421e-a60e-3247120ccdc3">
        <ElementName>Value</ElementName>
        <PortName>N_Detector_In</PortName>
      </autosarInfo>
      <executionInterface type="ModelRefInfoRepo.OutputExecutionInterface" uuid="412e502d-9f63-4d37-9a71-f5f3f87ee1c1"/>
      <sigNameToEMVCEMap type="ModelRefInfoRepo.SigNameEMVCEInfo" uuid="b57bc481-5a34-4745-a865-6310dcef56b7"/>
    </outports>
    <removeResetFunc>true</removeResetFunc>
    <runtimeNonFcnCallRateInfos type="ModelRefInfoRepo.RateInfo">
      <compiled>true</compiled>
      <nonFcnCallPartitionName>D1</nonFcnCallPartitionName>
      <period>.2</period>
      <priority>40</priority>
      <rateIdx>0</rateIdx>
    </runtimeNonFcnCallRateInfos>
    <sampleTimeInheritanceRule>1</sampleTimeInheritanceRule>
    <solverStatusFlags>331</solverStatusFlags>
    <standaloneEnumInfos type="ModelRefInfoRepo.StandaloneEnumInfo" uuid="9e383ecb-844b-4c19-b491-166e20e10a23">
      <defaultValue>DEM_EVENT_STATUS_PASSED</defaultValue>
      <enumName>Dem_EventStatusType</enumName>
      <labels>DEM_EVENT_STATUS_PASSED</labels>
      <labels>DEM_EVENT_STATUS_FAILED</labels>
      <labels>DEM_EVENT_STATUS_PREPASSED</labels>
      <labels>DEM_EVENT_STATUS_PREFAILED</labels>
      <labels>DEM_EVENT_STATUS_FDC_THRESHOLD_REACHED</labels>
      <storageType>uint8</storageType>
      <values>0</values>
      <values>1</values>
      <values>2</values>
      <values>3</values>
      <values>4</values>
    </standaloneEnumInfos>
    <timingAndTaskingRegistry>&lt;?xml version=&quot;1.0&quot;?&gt;
&lt;slexec_sto version=&quot;1.1&quot; packageUris=&quot;http://schema.mathworks.com/mf0/slexec_mm_sto/R2024a_202305081229&quot;&gt;
  &lt;sto.Registry type=&quot;sto.Registry&quot; uuid=&quot;82e88f55-6da9-492d-bb20-f3a49cf9040d&quot;&gt;
    &lt;executionSpec&gt;Undetermined&lt;/executionSpec&gt;
    &lt;identifier&gt;Night_Detector&lt;/identifier&gt;
    &lt;clockRegistry type=&quot;sto.ClockRegistry&quot; uuid=&quot;a97c1d54-cc75-4f27-b1a1-9433c126c186&quot;&gt;
      &lt;clocks type=&quot;sto.Timer&quot; uuid=&quot;4b643fca-0c15-43b1-a7dd-b1ea3c012a1e&quot;&gt;
        &lt;computedFundamentalDiscretePeriod&gt;.2&lt;/computedFundamentalDiscretePeriod&gt;
        &lt;fastestDiscreteRate type=&quot;sto.ClassicPeriodicDiscreteRate&quot; uuid=&quot;ffb1fd5b-1015-4579-a37d-5b170e429512&quot;/&gt;
        &lt;isDefaultTimer&gt;true&lt;/isDefaultTimer&gt;
        &lt;resolution&gt;.2&lt;/resolution&gt;
        &lt;timeAdvanceMode&gt;FixedStep&lt;/timeAdvanceMode&gt;
        &lt;identifier&gt;Night_Detector::defaultTimer&lt;/identifier&gt;
        &lt;rates type=&quot;sto.ClassicPeriodicDiscreteRate&quot; uuid=&quot;ffb1fd5b-1015-4579-a37d-5b170e429512&quot;&gt;
          &lt;annotation&gt;D1&lt;/annotation&gt;
          &lt;clockId&gt;Night_Detector::defaultTimer&lt;/clockId&gt;
          &lt;description&gt;Discrete 1&lt;/description&gt;
          &lt;taskId&gt;_task0&lt;/taskId&gt;
          &lt;rateSpec type=&quot;sto.RateSpec&quot; uuid=&quot;d19399d1-6f6d-4a8c-94b9-b83b2e6094bc&quot;&gt;
            &lt;period&gt;.2&lt;/period&gt;
            &lt;rateType&gt;ClassicPeriodicDiscrete&lt;/rateType&gt;
          &lt;/rateSpec&gt;
        &lt;/rates&gt;
        &lt;baseRate type=&quot;sto.ClassicPeriodicDiscreteRate&quot; uuid=&quot;afc66ca9-2232-4c6d-84be-c66e09460042&quot;&gt;
          &lt;annotation&gt;D1&lt;/annotation&gt;
          &lt;clockId&gt;Night_Detector::defaultTimer&lt;/clockId&gt;
          &lt;description&gt;Discrete 1&lt;/description&gt;
          &lt;taskId&gt;_task0&lt;/taskId&gt;
          &lt;rateSpec type=&quot;sto.RateSpec&quot; uuid=&quot;19a2ab79-8b6f-4d29-9203-d4183e477e66&quot;&gt;
            &lt;period&gt;.2&lt;/period&gt;
            &lt;rateType&gt;ClassicPeriodicDiscrete&lt;/rateType&gt;
          &lt;/rateSpec&gt;
        &lt;/baseRate&gt;
      &lt;/clocks&gt;
      &lt;clocks type=&quot;sto.Event&quot; uuid=&quot;f69839f0-ade9-46ee-a78d-4ae9dc912f12&quot;&gt;
        &lt;eventType&gt;POWER_UP_EVENT&lt;/eventType&gt;
        &lt;cNum&gt;1&lt;/cNum&gt;
        &lt;clockType&gt;Event&lt;/clockType&gt;
        &lt;identifier&gt;Init&lt;/identifier&gt;
        &lt;rates type=&quot;sto.ModelWideEventRate&quot; uuid=&quot;c4b4a34e-8ff1-4ba1-b0e2-559032915329&quot;&gt;
          &lt;annotation&gt;IE&lt;/annotation&gt;
          &lt;clockId&gt;Init&lt;/clockId&gt;
          &lt;colorIndex&gt;-1&lt;/colorIndex&gt;
          &lt;description&gt;Initialize&lt;/description&gt;
          &lt;rateIdx&gt;1&lt;/rateIdx&gt;
          &lt;taskId&gt;ModelWideInitializeEvent&lt;/taskId&gt;
          &lt;rateSpec type=&quot;sto.RateSpec&quot; uuid=&quot;cb702bc2-e8a6-4f2f-984e-86e95b9e881d&quot;&gt;
            &lt;offset&gt;1.0&lt;/offset&gt;
            &lt;period&gt;inf&lt;/period&gt;
            &lt;rateType&gt;ModelWideInitializeEvent&lt;/rateType&gt;
          &lt;/rateSpec&gt;
        &lt;/rates&gt;
      &lt;/clocks&gt;
      &lt;clocks type=&quot;sto.Event&quot; uuid=&quot;44c51f8b-6ac2-4c16-b45d-777a730667cd&quot;&gt;
        &lt;eventType&gt;PARAMETER_CHANGE_EVENT&lt;/eventType&gt;
        &lt;cNum&gt;2&lt;/cNum&gt;
        &lt;clockType&gt;Event&lt;/clockType&gt;
        &lt;identifier&gt;ParameterChangeEvent&lt;/identifier&gt;
        &lt;rates type=&quot;sto.ModelWideEventRate&quot; uuid=&quot;4fa31046-4e9a-4ad2-b754-62383e151a72&quot;&gt;
          &lt;clockId&gt;ParameterChangeEvent&lt;/clockId&gt;
          &lt;rateIdx&gt;-1&lt;/rateIdx&gt;
          &lt;taskId&gt;ModelWideParameterChangeEvent&lt;/taskId&gt;
          &lt;useForExecution&gt;NotForExecution&lt;/useForExecution&gt;
          &lt;rateSpec type=&quot;sto.RateSpec&quot; uuid=&quot;0b8e913d-a474-44ea-ab89-aa1131acde3c&quot;&gt;
            &lt;period&gt;inf&lt;/period&gt;
            &lt;rateType&gt;ModelWideParameterChangeEvent&lt;/rateType&gt;
          &lt;/rateSpec&gt;
        &lt;/rates&gt;
      &lt;/clocks&gt;
      &lt;timeAdvanceMode&gt;FixedStep&lt;/timeAdvanceMode&gt;
    &lt;/clockRegistry&gt;
    &lt;taskRegistry type=&quot;sto.TaskRegistry&quot; uuid=&quot;f3ee3ae4-20c7-4ae3-b57a-623f6bd80ca4&quot;&gt;
      &lt;hasUnknownEdges&gt;true&lt;/hasUnknownEdges&gt;
      &lt;rootTaskHierarchyElements type=&quot;sto.Task&quot; uuid=&quot;922950c9-42b5-4dcf-8e65-cb75502e5053&quot;&gt;
        &lt;isExplicit&gt;true&lt;/isExplicit&gt;
        &lt;rates type=&quot;sto.ModelWideEventRate&quot; uuid=&quot;8b24547b-56b0-473f-b28a-5240ad8ca5f5&quot;&gt;
          &lt;clockId&gt;ParameterChangeEvent&lt;/clockId&gt;
          &lt;rateIdx&gt;-1&lt;/rateIdx&gt;
          &lt;taskId&gt;ModelWideParameterChangeEvent&lt;/taskId&gt;
          &lt;useForExecution&gt;NotForExecution&lt;/useForExecution&gt;
          &lt;rateSpec type=&quot;sto.RateSpec&quot; uuid=&quot;a83e52c1-be56-43db-b9e4-cecfd8cbaa8d&quot;&gt;
            &lt;period&gt;inf&lt;/period&gt;
            &lt;rateType&gt;ModelWideParameterChangeEvent&lt;/rateType&gt;
          &lt;/rateSpec&gt;
        &lt;/rates&gt;
        &lt;schedulingClockId&gt;ParameterChangeEvent&lt;/schedulingClockId&gt;
        &lt;timeKeeperClockId&gt;Night_Detector::defaultTimer&lt;/timeKeeperClockId&gt;
        &lt;elementType&gt;Task&lt;/elementType&gt;
        &lt;identifier&gt;ModelWideParameterChangeEvent&lt;/identifier&gt;
        &lt;priority&gt;-1&lt;/priority&gt;
      &lt;/rootTaskHierarchyElements&gt;
      &lt;rootTaskHierarchyElements type=&quot;sto.Task&quot; uuid=&quot;0fbd62e9-201d-49cd-97a5-0088d426adf1&quot;&gt;
        &lt;isExecutable&gt;true&lt;/isExecutable&gt;
        &lt;isExplicit&gt;true&lt;/isExplicit&gt;
        &lt;rates type=&quot;sto.ModelWideEventRate&quot; uuid=&quot;45961edf-735b-4090-99c4-6bd6e5ebc65a&quot;&gt;
          &lt;annotation&gt;IE&lt;/annotation&gt;
          &lt;clockId&gt;Init&lt;/clockId&gt;
          &lt;colorIndex&gt;-1&lt;/colorIndex&gt;
          &lt;description&gt;Initialize&lt;/description&gt;
          &lt;rateIdx&gt;1&lt;/rateIdx&gt;
          &lt;taskId&gt;ModelWideInitializeEvent&lt;/taskId&gt;
          &lt;rateSpec type=&quot;sto.RateSpec&quot; uuid=&quot;b5c7da7e-343f-42d0-8524-41354ccc0a42&quot;&gt;
            &lt;offset&gt;1.0&lt;/offset&gt;
            &lt;period&gt;inf&lt;/period&gt;
            &lt;rateType&gt;ModelWideInitializeEvent&lt;/rateType&gt;
          &lt;/rateSpec&gt;
        &lt;/rates&gt;
        &lt;schedulingClockId&gt;Init&lt;/schedulingClockId&gt;
        &lt;tNum&gt;1&lt;/tNum&gt;
        &lt;timeKeeperClockId&gt;Night_Detector::defaultTimer&lt;/timeKeeperClockId&gt;
        &lt;elementType&gt;Task&lt;/elementType&gt;
        &lt;identifier&gt;ModelWideInitializeEvent&lt;/identifier&gt;
        &lt;priority&gt;-1&lt;/priority&gt;
      &lt;/rootTaskHierarchyElements&gt;
      &lt;rootTaskHierarchyElements type=&quot;sto.Task&quot; uuid=&quot;10f89c54-86f4-4c35-b4d0-88221a1f9313&quot;&gt;
        &lt;isExecutable&gt;true&lt;/isExecutable&gt;
        &lt;orderIndex&gt;1&lt;/orderIndex&gt;
        &lt;rates type=&quot;sto.ClassicPeriodicDiscreteRate&quot; uuid=&quot;b6ab2883-1a04-4547-9876-4f0b82e6e6be&quot;&gt;
          &lt;annotation&gt;D1&lt;/annotation&gt;
          &lt;clockId&gt;Night_Detector::defaultTimer&lt;/clockId&gt;
          &lt;description&gt;Discrete 1&lt;/description&gt;
          &lt;taskId&gt;_task0&lt;/taskId&gt;
          &lt;rateSpec type=&quot;sto.RateSpec&quot; uuid=&quot;be244183-d95c-457d-8cd3-48db987a485d&quot;&gt;
            &lt;period&gt;.2&lt;/period&gt;
            &lt;rateType&gt;ClassicPeriodicDiscrete&lt;/rateType&gt;
          &lt;/rateSpec&gt;
        &lt;/rates&gt;
        &lt;schedulingClockId&gt;Night_Detector::defaultTimer&lt;/schedulingClockId&gt;
        &lt;timeKeeperClockId&gt;Night_Detector::defaultTimer&lt;/timeKeeperClockId&gt;
        &lt;elementType&gt;Task&lt;/elementType&gt;
        &lt;identifier&gt;_task0&lt;/identifier&gt;
        &lt;priority&gt;40&lt;/priority&gt;
      &lt;/rootTaskHierarchyElements&gt;
      &lt;taskDependencyGraph type=&quot;sto.SerializedTaskConnectionList&quot; uuid=&quot;b1aa83a2-6d7e-40a9-bb74-d1bf0dd3bc31&quot;&gt;
        &lt;clockIdentifier&gt;Night_Detector::defaultTimer&lt;/clockIdentifier&gt;
        &lt;serializedConnectionProperties type=&quot;sto.SerializedConnectionProperties&quot; uuid=&quot;137331dd-2d94-448a-9bc5-0d9d49610174&quot;&gt;
          &lt;isInternal&gt;true&lt;/isInternal&gt;
          &lt;targetClockIdentifier&gt;Init&lt;/targetClockIdentifier&gt;
          &lt;targetTaskIdentifier&gt;ModelWideInitializeEvent&lt;/targetTaskIdentifier&gt;
        &lt;/serializedConnectionProperties&gt;
        &lt;taskIdentifier&gt;_task0&lt;/taskIdentifier&gt;
      &lt;/taskDependencyGraph&gt;
      &lt;taskDependencyGraph type=&quot;sto.SerializedTaskConnectionList&quot; uuid=&quot;12c5608c-5c9f-4e50-8ded-0e5ed7766f63&quot;&gt;
        &lt;clockIdentifier&gt;Init&lt;/clockIdentifier&gt;
        &lt;serializedConnectionProperties type=&quot;sto.SerializedConnectionProperties&quot; uuid=&quot;50b56d84-14ff-4706-9188-b7a3f46b3da2&quot;&gt;
          &lt;orderingImpact&gt;Impacted&lt;/orderingImpact&gt;
          &lt;targetClockIdentifier&gt;Night_Detector::defaultTimer&lt;/targetClockIdentifier&gt;
          &lt;targetTaskIdentifier&gt;_task0&lt;/targetTaskIdentifier&gt;
        &lt;/serializedConnectionProperties&gt;
        &lt;taskIdentifier&gt;ModelWideInitializeEvent&lt;/taskIdentifier&gt;
      &lt;/taskDependencyGraph&gt;
      &lt;taskDependencyGraph type=&quot;sto.SerializedTaskConnectionList&quot; uuid=&quot;300904a8-e3d7-45b0-bad0-4f42431947dd&quot;&gt;
        &lt;clockIdentifier&gt;ParameterChangeEvent&lt;/clockIdentifier&gt;
        &lt;taskIdentifier&gt;ModelWideParameterChangeEvent&lt;/taskIdentifier&gt;
      &lt;/taskDependencyGraph&gt;
      &lt;taskPriorityDirection&gt;HighNumberLast&lt;/taskPriorityDirection&gt;
      &lt;taskingMode&gt;ClassicMultiTasking&lt;/taskingMode&gt;
    &lt;/taskRegistry&gt;
  &lt;/sto.Registry&gt;
&lt;/slexec_sto&gt;</timingAndTaskingRegistry>
    <zeroInternalMemoryAtStartupUnchecked>true</zeroInternalMemoryAtStartupUnchecked>
    <FMUBlockMap type="ModelRefInfoRepo.FMUBlockInfo" uuid="6a1a18b7-4725-4970-afb8-290cf07de8b0"/>
    <codeGenInfo type="ModelRefInfoRepo.CodeGenInformation" uuid="6a0858f8-f4ff-4d37-9983-2cc8ec6b5244"/>
    <compiledVariantInfos type="ModelRefInfoRepo.CompiledVariantInfoMap" uuid="f3c1d6e8-bac5-4605-84db-fed2fdda6cc8"/>
    <configSettingsForConsistencyChecks type="ModelRefInfoRepo.ConfigSettingsForConsistencyChecks" uuid="d6c63477-1cd7-4c18-895f-9543430d3e3b">
      <LUTObjectStructOrderEvenSpacing>1</LUTObjectStructOrderEvenSpacing>
      <consistentOutportInitialization>true</consistentOutportInitialization>
      <fixedStepSize>.2</fixedStepSize>
      <frameDiagnosticSetting>2</frameDiagnosticSetting>
      <hasHybridSampleTime>true</hasHybridSampleTime>
      <optimizedInitCode>true</optimizedInitCode>
      <signalLoggingSaveFormat>2</signalLoggingSaveFormat>
      <simSIMDOptimization>1</simSIMDOptimization>
      <solverName>FixedStepDiscrete</solverName>
      <solverType>SOLVER_TYPE_FIXEDSTEP</solverType>
      <hardwareSettings type="ModelRefInfoRepo.HardwareSettings" uuid="a617fe64-7673-4257-804d-3c25b88d75f2">
        <prodBitPerChar>8</prodBitPerChar>
        <prodBitPerDouble>64</prodBitPerDouble>
        <prodBitPerFloat>32</prodBitPerFloat>
        <prodBitPerInt>32</prodBitPerInt>
        <prodBitPerLong>32</prodBitPerLong>
        <prodBitPerLongLong>64</prodBitPerLongLong>
        <prodBitPerPointer>64</prodBitPerPointer>
        <prodBitPerPtrDiffT>64</prodBitPerPtrDiffT>
        <prodBitPerShort>16</prodBitPerShort>
        <prodBitPerSizeT>64</prodBitPerSizeT>
        <prodEndianess>1</prodEndianess>
        <prodShiftRight>true</prodShiftRight>
        <prodWordSize>64</prodWordSize>
      </hardwareSettings>
    </configSettingsForConsistencyChecks>
    <controllableInputRatesMap type="ModelRefInfoRepo.VarTsUIDMap" uuid="408e5bc8-84de-450e-8d88-64cf64d77733"/>
    <controllableOutputRatesMap type="ModelRefInfoRepo.VarTsUIDMap" uuid="28c017de-5152-4289-80b9-d19ead4763a2"/>
    <dataPortGroup type="ModelRefInfoRepo.DataPortGroup" uuid="90824d1e-0408-4b70-80dd-13f857949b7d">
      <compDataInputPorts>0</compDataInputPorts>
      <compDataInputPorts>1</compDataInputPorts>
      <compDataOutputPorts>0</compDataOutputPorts>
      <dataInputPorts>0</dataInputPorts>
      <dataInputPorts>1</dataInputPorts>
      <dataOutputPorts>0</dataOutputPorts>
    </dataPortGroup>
    <expFcnUnconnectedDataPortGroup type="ModelRefInfoRepo.DataPortGroup" uuid="41cc0087-899f-4a66-a9ef-ba0908cdeb8c"/>
    <interfaceParameterInfo type="ModelRefInfoRepo.InterfaceParameterInfo" uuid="cb81ab8e-a7df-4dee-9069-75d370126780"/>
    <messageInfo type="ModelRefInfoRepo.MessageInformation" uuid="62423768-db5c-49d2-9f88-0af550c85869"/>
    <methodInfo type="ModelRefInfoRepo.MethodExistenceInfo" uuid="4d326f26-ccad-4570-9dba-094f076f2933"/>
    <periodicEventPortUnsupportedBlockInfo type="ModelRefInfoRepo.PeriodicEventPortUnsupportedBlockInfo" uuid="4a51776c-5289-48fc-8659-cf3417f18f07"/>
    <portGroupsRequireSameRate type="ModelRefInfoRepo.PortGroupsRequireSameRate" uuid="61a095f8-f668-4e33-b858-c865e00a03c0">
      <DSMPortGroups type="ModelRefInfoRepo.NameToPortGroupIdxVectMap" uuid="a5115576-f465-4860-8646-b8aba1d7f5c6"/>
      <GlobalDSMPortGroups type="ModelRefInfoRepo.NameToPortGroupIdxVectMap" uuid="291e65d2-311e-4af4-9729-6ae8307a443b"/>
      <mergedPortGroups type="ModelRefInfoRepo.NameToPortGroupIdxVectMap" uuid="c963b1df-5a3c-46af-ab9c-4e1c9ad6cc4f"/>
    </portGroupsRequireSameRate>
    <rateBasedMdlGlobalDSMRateSpec type="ModelRefInfoRepo.GlobalDSMRateSpecMap" uuid="490b56ab-e35b-4cd6-9fc0-6f0daa75e7a6"/>
    <rateSpecOfGlobalDSMAccessedByDescExpFcnMdlMap type="ModelRefInfoRepo.GlobalDSMRateSpecMap" uuid="11bea054-c6ea-4cb2-81f3-254e83253341"/>
    <rootBlockDiagramInterface type="ci.Model" uuid="fd09886e-d9f9-40d3-96af-44322c51a4c1">
      <p_RootComponentInterface type="ci.ComponentInterface" uuid="159dc643-e913-4632-a895-eb1e752a7a56">
        <p_InputPorts type="ci.SignalInterface" uuid="e56b567a-7455-4bcd-a705-009d7bfadec9">
          <p_ComputedNumericDimensions>1.0</p_ComputedNumericDimensions>
          <p_ComputedSampleTime>.2</p_ComputedSampleTime>
          <p_ComputedSampleTime>0.0</p_ComputedSampleTime>
          <p_ComputedType>boolean</p_ComputedType>
          <p_Name>Ignition_State_Value</p_Name>
        </p_InputPorts>
        <p_InputPorts type="ci.SignalInterface" uuid="7628dfa8-5391-4442-83fa-7815c8673a93">
          <p_ComputedNumericDimensions>1.0</p_ComputedNumericDimensions>
          <p_ComputedSampleTime>.2</p_ComputedSampleTime>
          <p_ComputedSampleTime>0.0</p_ComputedSampleTime>
          <p_ComputedType>uint16</p_ComputedType>
          <p_ComputedUnit>lx</p_ComputedUnit>
          <p_Name>Light_Data_Value</p_Name>
        </p_InputPorts>
        <p_Name>Night_Detector</p_Name>
        <p_OutputPorts type="ci.SignalInterface" uuid="b9b83631-aeda-4785-b153-0919c1d76508">
          <p_ComputedNumericDimensions>1.0</p_ComputedNumericDimensions>
          <p_ComputedSampleTime>.2</p_ComputedSampleTime>
          <p_ComputedSampleTime>0.0</p_ComputedSampleTime>
          <p_ComputedType>boolean</p_ComputedType>
          <p_Name>N_Detector_In_Value</p_Name>
        </p_OutputPorts>
        <p_Type>ROOT</p_Type>
      </p_RootComponentInterface>
    </rootBlockDiagramInterface>
    <simulinkFunctions type="ModelRefInfoRepo.SimulinkFunctions" uuid="df270174-390a-4ef1-a25d-5e6af4146e92">
      <compFunctions type="ModelRefInfoRepo.CompFunction" uuid="3bd41bf8-48c9-453f-89be-237b97a21784">
        <CGFunctionName>Light_MinVal_ReadBlock</CGFunctionName>
        <CGIsCalled>true</CGIsCalled>
        <callerBlocks>Night_Detector/Initialize Function/Read_MinVal</callerBlocks>
        <compDiscreteRates type="ModelRefInfoRepo.RateSpec" uuid="741f65f9-29f4-4ee3-9a21-149da60e36ea">
          <offset>1.0</offset>
          <period>inf</period>
        </compDiscreteRates>
        <compTIDs>1</compTIDs>
        <functionName>Light_MinVal_ReadBlock</functionName>
        <irtCallerType type="ModelRefInfoRepo.IRTCallerType" uuid="9997bd5a-b9ec-4b77-bc80-d11a797a173d">
          <IRTFunctionType>Init</IRTFunctionType>
          <blockHandle>5722.0020751953125</blockHandle>
        </irtCallerType>
        <refBlockPaths>Night_Detector/Initialize Function/Read_MinVal</refBlockPaths>
        <variantCallerNetEMVCEMap type="ModelRefInfoRepo.VariantCallerNetEMVCE" uuid="1da7cb40-7cc4-4c06-b1d4-a0f34928fa61">
          <refBlockPath>Night_Detector/Initialize Function/Read_MinVal</refBlockPath>
          <variantFunctionNetEMVCE type="ModelRefInfoRepo.VariantFunctionNetEMVCE" uuid="bd03fba1-7035-4c0e-aed1-ebfd27cb937f">
            <EMVCE>({true}_0)</EMVCE>
          </variantFunctionNetEMVCE>
        </variantCallerNetEMVCEMap>
        <visibility>Global</visibility>
        <fcnArgs type="ModelRefInfoRepo.CompFunctionArgs" uuid="45ef5cda-d5d8-407f-a74d-ad8d808332f5">
          <argIndexMap type="ModelRefInfoRepo.ArgIndexMap" uuid="596c6108-9766-4a76-8a7e-33c30521c020">
            <index>O0</index>
          </argIndexMap>
          <argIndexMap type="ModelRefInfoRepo.ArgIndexMap" uuid="edcc208f-0e3b-4115-8d7c-95f1059f2cd0">
            <index>O1</index>
            <position>1</position>
          </argIndexMap>
          <argNameMap type="ModelRefInfoRepo.ArgNameMap" uuid="d3d3d557-a700-4eb6-9623-8b995cd4b203">
            <name>ERR</name>
            <position>1</position>
          </argNameMap>
          <argNameMap type="ModelRefInfoRepo.ArgNameMap" uuid="3f68a12c-b560-46b1-9392-c95cdb9aa10c">
            <name>NvM_DstPtr</name>
          </argNameMap>
          <outArgs type="ModelRefInfoRepo.CompFunctionArgInfo" uuid="f4dcc681-27d5-43f8-879e-8b3b1c9ff820">
            <dims>1</dims>
            <dims>1</dims>
            <passByType>AUTO</passByType>
            <dataType type="ModelRefInfoRepo.CompDataType" uuid="fa019647-9118-4b2e-9dd3-92ba487c29ef">
              <dataClass>Numeric</dataClass>
              <dataTypeName>numerictype(0,16,0)</dataTypeName>
            </dataType>
          </outArgs>
          <outArgs type="ModelRefInfoRepo.CompFunctionArgInfo" uuid="9fff5afc-411a-4749-bc2c-2a3b68e72321">
            <dims>1</dims>
            <dims>1</dims>
            <passByType>AUTO</passByType>
            <dataType type="ModelRefInfoRepo.CompDataType" uuid="91b48da7-baea-443d-8238-3028f7365e92">
              <dataClass>Numeric</dataClass>
              <dataTypeName>numerictype(0,8,0)</dataTypeName>
            </dataType>
          </outArgs>
          <returnArgIdx>-1</returnArgIdx>
        </fcnArgs>
        <fcnFpcArgs type="ModelRefInfoRepo.CompFunctionArgs" uuid="762da81b-326c-433a-9494-e050dfaa3ba0">
          <argIndexMap type="ModelRefInfoRepo.ArgIndexMap" uuid="e461735e-c41c-4e97-aab7-d731da241dfc">
            <index>O0</index>
          </argIndexMap>
          <argNameMap type="ModelRefInfoRepo.ArgNameMap" uuid="51fcc0c1-14b9-4296-9e98-d7cfccabd83e">
            <name>NvM_DstPtr</name>
          </argNameMap>
          <outArgs type="ModelRefInfoRepo.CompFunctionArgInfo" uuid="30e25b88-b5e7-4e75-b4a8-26b53f2c7ae8">
            <dims>1</dims>
            <dims>1</dims>
            <passByType>POINTER_VOID</passByType>
            <dataType type="ModelRefInfoRepo.CompDataType" uuid="8fc5a8dd-dc35-4b12-bc9b-d801e1a48c69">
              <dataClass>Numeric</dataClass>
              <dataTypeName>numerictype(0,16,0)</dataTypeName>
            </dataType>
          </outArgs>
          <outArgs type="ModelRefInfoRepo.CompFunctionArgInfo" uuid="ab97f88b-b5a7-4d2c-abfc-da961a168052">
            <dims>1</dims>
            <dims>1</dims>
            <passByType>AUTO</passByType>
            <dataType type="ModelRefInfoRepo.CompDataType" uuid="a0defa6c-8ad9-4ad8-9f01-65b50506096b">
              <dataClass>Numeric</dataClass>
              <dataTypeName>numerictype(0,8,0)</dataTypeName>
            </dataType>
          </outArgs>
          <returnArgIdx>1</returnArgIdx>
          <returnArgName>ERR</returnArgName>
        </fcnFpcArgs>
      </compFunctions>
      <compFunctions type="ModelRefInfoRepo.CompFunction" uuid="c40fcc76-15f1-460a-b853-17796bb7c2cf">
        <CGFunctionName>N_Detector_SetEventStatus</CGFunctionName>
        <CGIsCalled>true</CGIsCalled>
        <callerBlocks>Night_Detector/N_Sensor_Status</callerBlocks>
        <compDiscreteRates type="ModelRefInfoRepo.RateSpec" uuid="c8734849-da82-41e0-9058-8ca6151a230b">
          <period>.2</period>
        </compDiscreteRates>
        <compTIDs>0</compTIDs>
        <functionName>N_Detector_SetEventStatus</functionName>
        <refBlockPaths>Night_Detector/N_Sensor_Status</refBlockPaths>
        <variantCallerNetEMVCEMap type="ModelRefInfoRepo.VariantCallerNetEMVCE" uuid="51c91963-e556-4cec-88d4-9975a252bbf5">
          <refBlockPath>Night_Detector/N_Sensor_Status</refBlockPath>
          <variantFunctionNetEMVCE type="ModelRefInfoRepo.VariantFunctionNetEMVCE" uuid="ca6f3a71-6326-4143-821b-b4411cf43e77">
            <EMVCE>({true}_0)</EMVCE>
          </variantFunctionNetEMVCE>
        </variantCallerNetEMVCEMap>
        <visibility>Global</visibility>
        <fcnArgs type="ModelRefInfoRepo.CompFunctionArgs" uuid="ded54387-e3bb-4776-87a9-5c8a6e1fbb28">
          <argIndexMap type="ModelRefInfoRepo.ArgIndexMap" uuid="58f61d33-db09-4b64-9521-23ee1f5d89c3">
            <index>I0</index>
          </argIndexMap>
          <argIndexMap type="ModelRefInfoRepo.ArgIndexMap" uuid="bbe6deec-0046-4d77-9ceb-692454bdd2c2">
            <index>O0</index>
            <position>1</position>
          </argIndexMap>
          <argNameMap type="ModelRefInfoRepo.ArgNameMap" uuid="25198d16-760a-4ac3-beff-6bfc896b24dd">
            <name>ERR</name>
            <position>1</position>
          </argNameMap>
          <argNameMap type="ModelRefInfoRepo.ArgNameMap" uuid="814e45ab-25c3-4391-af05-b23023087a8d">
            <name>EventStatus</name>
          </argNameMap>
          <inArgs type="ModelRefInfoRepo.CompFunctionArgInfo" uuid="ba9d0cbb-1cb2-41f5-8bcd-07565fd94bc5">
            <dims>1</dims>
            <dims>1</dims>
            <passByType>AUTO</passByType>
            <dataType type="ModelRefInfoRepo.CompDataType" uuid="a731f4d1-c836-469b-b640-e0cb9ea81d1b">
              <dataClass>Enum</dataClass>
              <dataTypeName>Dem_EventStatusType</dataTypeName>
            </dataType>
          </inArgs>
          <outArgs type="ModelRefInfoRepo.CompFunctionArgInfo" uuid="2582043d-fdb1-43eb-aa4b-bd52613731b2">
            <dims>1</dims>
            <dims>1</dims>
            <passByType>AUTO</passByType>
            <dataType type="ModelRefInfoRepo.CompDataType" uuid="e156e3b6-35dc-4828-8741-5cb1f6e153bb">
              <dataClass>Numeric</dataClass>
              <dataTypeName>numerictype(0,8,0)</dataTypeName>
            </dataType>
          </outArgs>
          <returnArgIdx>-1</returnArgIdx>
        </fcnArgs>
        <fcnFpcArgs type="ModelRefInfoRepo.CompFunctionArgs" uuid="8fae2109-7bc1-4cfa-bfcb-4b3570107665">
          <argIndexMap type="ModelRefInfoRepo.ArgIndexMap" uuid="ee31e204-0c37-4d06-8b3e-609395accc29">
            <index>I0</index>
          </argIndexMap>
          <argNameMap type="ModelRefInfoRepo.ArgNameMap" uuid="0bb29a99-43c6-42e7-8842-9ecdfc1bfccb">
            <name>EventStatus</name>
          </argNameMap>
          <inArgs type="ModelRefInfoRepo.CompFunctionArgInfo" uuid="2a250101-d5a9-4dc3-81da-161a711e74e2">
            <dims>1</dims>
            <dims>1</dims>
            <passByType>AUTO</passByType>
            <dataType type="ModelRefInfoRepo.CompDataType" uuid="9986138d-0ae9-411c-b8f2-4f3506dee633">
              <dataClass>Enum</dataClass>
              <dataTypeName>Dem_EventStatusType</dataTypeName>
            </dataType>
          </inArgs>
          <outArgs type="ModelRefInfoRepo.CompFunctionArgInfo" uuid="451d4939-5d20-4a61-8119-ed6747989a20">
            <dims>1</dims>
            <dims>1</dims>
            <passByType>AUTO</passByType>
            <dataType type="ModelRefInfoRepo.CompDataType" uuid="96e829c1-6872-4d72-8090-8cb16114419e">
              <dataClass>Numeric</dataClass>
              <dataTypeName>numerictype(0,8,0)</dataTypeName>
            </dataType>
          </outArgs>
          <returnArgName>ERR</returnArgName>
        </fcnFpcArgs>
      </compFunctions>
      <compSimulinkFunctionCatalog></compSimulinkFunctionCatalog>
    </simulinkFunctions>
    <sltpContext type="sltp.mm.core.Context" uuid="fc8b1ac0-c94a-44b0-b0b7-fe1278dd218a">
      <globalData type="sltp.mm.core.GlobalData" uuid="75a61365-d6de-4a4b-9d14-65eaa03546a4">
        <dataName>portIgnition_State_Value</dataName>
        <type>RootInport</type>
      </globalData>
      <globalData type="sltp.mm.core.GlobalData" uuid="e187bc7a-1fcb-4a46-bfbf-1514e99cddd8">
        <dataName>portLight_Data_Value</dataName>
        <type>RootInport</type>
      </globalData>
      <globalData type="sltp.mm.core.GlobalData" uuid="b7a04fa1-ba63-4418-a558-5e78a2be74c5">
        <dataName>portN_Detector_In_Value</dataName>
        <type>RootOutport</type>
      </globalData>
      <priorityDirection>HighNumberLast</priorityDirection>
      <defaultEventBehavior type="sltp.mm.core.EventBehavior" uuid="aff2e9f9-d0be-4afd-b25a-08b89e11c7db"/>
      <editorState type="sltp.mm.core.EditorState" uuid="a72dd6ab-f855-4c94-a4b2-9011bc11f6d2">
        <isSynchronized>true</isSynchronized>
        <panelState type="sltp.mm.core.EditorPanelState" uuid="960a663f-6d64-4f84-8413-88e997c9c8a4"/>
      </editorState>
      <rootTask type="sltp.mm.core.Task" uuid="74e53543-44f7-4dca-96e6-c7c033748a82">
        <context type="sltp.mm.core.Context" uuid="fc8b1ac0-c94a-44b0-b0b7-fe1278dd218a"/>
        <explicit>false</explicit>
        <name>Default</name>
        <priority>-2147483648</priority>
        <subgraph type="sltp.mm.core.Graph" uuid="4262cf5f-8c25-4a45-8ecd-e8ab4f1b1e7d">
          <tasks type="sltp.mm.core.Task" uuid="b3977507-e75b-488c-8a29-8cabfafbf51e">
            <context type="sltp.mm.core.Context" uuid="fc8b1ac0-c94a-44b0-b0b7-fe1278dd218a"/>
            <explicit>false</explicit>
            <id>1</id>
            <isTimed>true</isTimed>
            <name>D1</name>
            <priority>40</priority>
            <rates type="sltp.mm.core.Rate" uuid="83446d87-d44c-4738-b90b-72a84b6d8fee">
              <annotation>D1</annotation>
              <color>-12240129</color>
              <hasBlocks>true</hasBlocks>
              <identifier>ClassicPeriodicDiscrete0.20</identifier>
              <rateIndex>0</rateIndex>
              <rateSpec type="sltp.mm.core.RateSpec">
                <period>.2</period>
              </rateSpec>
              <sti>0</sti>
            </rates>
          </tasks>
        </subgraph>
      </rootTask>
    </sltpContext>
    <stateWriterToOwnerMap type="ModelRefInfoRepo.StateWriterInfo" uuid="783ee27d-d9c6-4e45-bd00-33d408b6f047"/>
    <stoClientDataRegistry type="sto.ClientDataRegistry" uuid="da91350b-c581-4bc3-be26-ac280f8d39cc">
      <dataSets type="sto.ClientClockNamedDataSet" uuid="6adc3469-0acd-4193-9636-a8621a78b97c">
        <tag>sltpEvents</tag>
      </dataSets>
      <dataSets type="sto.ClientTaskHierarchyElementNamedDataSet" uuid="7d96e8db-b4c7-42ca-a5ab-0bf06b6d3d12">
        <tag>sltpTaskGroups</tag>
      </dataSets>
      <dataSets type="sto.ClientTaskHierarchyElementNamedDataSet" uuid="1559dd99-403f-4f4f-b516-a71234b1574a">
        <dSet type="ModelRefInfoRepo.SltpTaskData" uuid="85000717-a323-4e39-a202-e7d20ef4906b"/>
        <tSet type="ModelRefInfoRepo.SltpTaskData" uuid="85000717-a323-4e39-a202-e7d20ef4906b">
          <dataName>D1</dataName>
          <linkedSet type="sto.ClientTaskHierarchyElementNamedDataSet" uuid="1559dd99-403f-4f4f-b516-a71234b1574a"/>
          <id type="sto.TaskHierarchyElementId">
            <clockId>Night_Detector::defaultTimer</clockId>
            <id>_task0</id>
          </id>
        </tSet>
        <tag>sltpTasks</tag>
      </dataSets>
    </stoClientDataRegistry>
    <varTsUIDMap type="ModelRefInfoRepo.VarTsUIDMap" uuid="8b6d2dfa-8183-4d09-8f82-f13ce3adc07d"/>
  </ModelRefInfoRepo.ModelRefInfoRoot>
</MF0>