<?xml version="1.0" encoding="UTF-8"?>
<MF0 version="1.1" packageUris="http://schema.mathworks.com/mf0/ci/19700101 http://schema.mathworks.com/mf0/sl_modelref_info/R2024a http://schema.mathworks.com/mf0/slexec_mm_sto/R2024a_202305081229 http://schema.mathworks.com/mf0/sltp_mm/R2023a_202209151115">
  <ModelRefInfoRepo.ModelRefInfoRoot type="ModelRefInfoRepo.ModelRefInfoRoot" uuid="20bdf73b-bbf1-47b1-82e4-be5fbe0356a3">
    <JITEngines>shm7Lo7eWwIRzXY8Vkihem</JITEngines>
    <JITEngines>sjpDp1vgJB3uWtpHih773E</JITEngines>
    <JITEngines>sjpb3eBH5rqRVxaYhsd8TwC</JITEngines>
    <childModelRefInfo type="ModelRefInfoRepo.ChildModelRefInfo" uuid="2c4cdd95-ee22-4032-88f8-65131389af8c">
      <modelName>Ctrl</modelName>
      <modelPath>Ctrl</modelPath>
    </childModelRefInfo>
    <compiledTFinal>10.0</compiledTFinal>
    <dataDictionary>dict.sldd</dataDictionary>
    <dataDictionarySet>dict.sldd</dataDictionarySet>
    <dataSourceInfo type="ModelRefInfoRepo.DataSourceInfo" uuid="826ff28d-7a9d-4b1a-8fa9-90992bf29469">
      <dataSources type="ModelRefInfoRepo.SourceInfo" uuid="17b47ade-f559-4b4b-9186-ad1eb220b963">
        <includeAllSections>true</includeAllSections>
        <sourceName>dict.sldd</sourceName>
        <type>DataDictionary</type>
      </dataSources>
      <dataSources type="ModelRefInfoRepo.SourceInfo" uuid="a9453d52-7b62-4182-8c6d-d7e9bf5d7fa5">
        <includeAllSections>true</includeAllSections>
        <sourceName>base workspace</sourceName>
        <type>BaseWorkspace</type>
      </dataSources>
      <modelName>Ctrl</modelName>
    </dataSourceInfo>
    <dataTransferInfos>AAFJTQAAAAAOAAAAOAAAAAYAAAAIAAAAAgAAAAAAAAAFAAAACAAAAAAAAAABAAAAAQAAAAAAAAAFAAQAAQAAAAEAAAAAAAAA</dataTransferInfos>
    <fastestNoncontSigFeedingDerivPorts>-1.0</fastestNoncontSigFeedingDerivPorts>
    <fundamentalSampleTimePeriod>2.0</fundamentalSampleTimePeriod>
    <globalVariables>#Ctrl_to_Act#dict.sldd#</globalVariables>
    <globalVariables>#HighBeam#dict.sldd#</globalVariables>
    <globalVariables>#Ignition_State#dict.sldd#</globalVariables>
    <globalVariables>#Sensor_to_Ctrl#dict.sldd#</globalVariables>
    <globalVariables>#TurnSignal_Cmd#dict.sldd#</globalVariables>
    <globalVariables>#TurnSignal_t#dict.sldd#</globalVariables>
    <grCompInputPortMaps>0,0,0;1,1,1;2,2,2;3,3,3;4,4,4</grCompInputPortMaps>
    <grCompOutputPortMaps>0,0,0;1,1,1;2,2,2;3,3,3;4,4,4;5,5,5</grCompOutputPortMaps>
    <hasBlockWithPeriodicDiscreteSampleTime>true</hasBlockWithPeriodicDiscreteSampleTime>
    <hasBwsAccessed>true</hasBwsAccessed>
    <hasStatesModifiedInOutputUpdate>true</hasStatesModifiedInOutputUpdate>
    <inports type="ModelRefInfoRepo.InportInformation" uuid="3ba8831e-1c43-49e7-9207-7099389ebfaf">
      <isNotDerivPort>true</isNotDerivPort>
      <designMax>1.0</designMax>
      <indexType>2</indexType>
      <rateInfos type="ModelRefInfoRepo.RateInfo">
        <compiled>true</compiled>
        <nonFcnCallPartitionName>D1</nonFcnCallPartitionName>
        <period>2.0</period>
        <priority>40</priority>
        <rateIdx>0</rateIdx>
      </rateInfos>
      <resolvedSignalObject></resolvedSignalObject>
      <autosarInfo type="ModelRefInfoRepo.AUTOSARInportInfo" uuid="77e380ea-2e60-4ff7-906c-72936d68947f">
        <ElementName>Value</ElementName>
        <PortName>N_Detector_Out</PortName>
      </autosarInfo>
      <executionInterface type="ModelRefInfoRepo.InputExecutionInterface" uuid="200affc8-0373-467e-b4ed-5b8b9b1408db"/>
      <sigNameToEMVCEMap type="ModelRefInfoRepo.SigNameEMVCEInfo" uuid="8a0b5a04-7d26-4639-8d42-08127117c879"/>
    </inports>
    <inports type="ModelRefInfoRepo.InportInformation" uuid="6148843a-cbe1-4354-8cc8-0e8afa7f68f9">
      <isNotDerivPort>true</isNotDerivPort>
      <designMax>1.0</designMax>
      <indexType>2</indexType>
      <originalPortNumber>1</originalPortNumber>
      <rateInfos type="ModelRefInfoRepo.RateInfo">
        <compiled>true</compiled>
        <nonFcnCallPartitionName>D1</nonFcnCallPartitionName>
        <period>2.0</period>
        <priority>40</priority>
        <rateIdx>0</rateIdx>
      </rateInfos>
      <resolvedSignalObject></resolvedSignalObject>
      <autosarInfo type="ModelRefInfoRepo.AUTOSARInportInfo" uuid="45adf2e2-c01c-4a15-9db5-0fd98c6c452b">
        <ElementName>Value</ElementName>
        <PortName>AF_Detector_Out</PortName>
      </autosarInfo>
      <executionInterface type="ModelRefInfoRepo.InputExecutionInterface" uuid="26ae3d89-03ea-4787-96c0-a0d944a31f79"/>
      <sigNameToEMVCEMap type="ModelRefInfoRepo.SigNameEMVCEInfo" uuid="3b8644f8-985f-4955-a6cd-768bcfa19a14"/>
    </inports>
    <inports type="ModelRefInfoRepo.InportInformation" uuid="67ec1bfb-e8bd-4a70-9b7d-fdefba577b26">
      <isNotDerivPort>true</isNotDerivPort>
      <designMax>2.0</designMax>
      <indexType>2</indexType>
      <originalPortNumber>2</originalPortNumber>
      <rateInfos type="ModelRefInfoRepo.RateInfo">
        <compiled>true</compiled>
        <nonFcnCallPartitionName>D1</nonFcnCallPartitionName>
        <period>2.0</period>
        <priority>40</priority>
        <rateIdx>0</rateIdx>
      </rateInfos>
      <resolvedSignalObject></resolvedSignalObject>
      <autosarInfo type="ModelRefInfoRepo.AUTOSARInportInfo" uuid="7270b838-6abf-4dbb-b910-fe071748cd47">
        <ElementName>Value</ElementName>
        <PortName>HighBeam_Cmd</PortName>
      </autosarInfo>
      <executionInterface type="ModelRefInfoRepo.InputExecutionInterface" uuid="bef050f5-b98b-45e4-acf7-a0315b87c250"/>
      <sigNameToEMVCEMap type="ModelRefInfoRepo.SigNameEMVCEInfo" uuid="8b25fff9-885c-481f-b167-e741c5da1461"/>
    </inports>
    <inports type="ModelRefInfoRepo.InportInformation" uuid="0767a4b6-f359-4208-8c91-6352f9d10e4a">
      <isNotDerivPort>true</isNotDerivPort>
      <designMax>2.0</designMax>
      <indexType>2</indexType>
      <originalPortNumber>3</originalPortNumber>
      <rateInfos type="ModelRefInfoRepo.RateInfo">
        <compiled>true</compiled>
        <nonFcnCallPartitionName>D1</nonFcnCallPartitionName>
        <period>2.0</period>
        <priority>40</priority>
        <rateIdx>0</rateIdx>
      </rateInfos>
      <resolvedSignalObject></resolvedSignalObject>
      <autosarInfo type="ModelRefInfoRepo.AUTOSARInportInfo" uuid="cdb3a31a-7eca-4e03-999b-046b99bd78ce">
        <ElementName>Value</ElementName>
        <PortName>TurnSignal_Cmd</PortName>
      </autosarInfo>
      <executionInterface type="ModelRefInfoRepo.InputExecutionInterface" uuid="41f2bdac-678d-44d9-8f73-2056751c96a4"/>
      <sigNameToEMVCEMap type="ModelRefInfoRepo.SigNameEMVCEInfo" uuid="c633ec24-4ca1-4959-9666-c11949a2aa3d"/>
    </inports>
    <inports type="ModelRefInfoRepo.InportInformation" uuid="0e29f61f-4fd1-4e5f-bcdf-f30c60816f0a">
      <isNotDerivPort>true</isNotDerivPort>
      <designMax>1.0</designMax>
      <indexType>2</indexType>
      <originalPortNumber>4</originalPortNumber>
      <rateInfos type="ModelRefInfoRepo.RateInfo">
        <compiled>true</compiled>
        <nonFcnCallPartitionName>D1</nonFcnCallPartitionName>
        <period>2.0</period>
        <priority>40</priority>
        <rateIdx>0</rateIdx>
      </rateInfos>
      <resolvedSignalObject></resolvedSignalObject>
      <autosarInfo type="ModelRefInfoRepo.AUTOSARInportInfo" uuid="83f46960-8aab-4407-ae8a-9039c69d906a">
        <ElementName>Value</ElementName>
        <PortName>Ignition_State</PortName>
      </autosarInfo>
      <executionInterface type="ModelRefInfoRepo.InputExecutionInterface" uuid="dc5dcbe3-6c08-459f-a27e-a5ed5e024ada"/>
      <sigNameToEMVCEMap type="ModelRefInfoRepo.SigNameEMVCEInfo" uuid="e3019709-5186-4c24-b762-4dfe1163108e"/>
    </inports>
    <isBdInSimModeForSimCodegenVariants>false</isBdInSimModeForSimCodegenVariants>
    <isInlineParamsOn>true</isInlineParamsOn>
    <isOrigInportVirtualBus>true</isOrigInportVirtualBus>
    <isOrigInportVirtualBus>true</isOrigInportVirtualBus>
    <isOrigInportVirtualBus>true</isOrigInportVirtualBus>
    <isOrigInportVirtualBus>true</isOrigInportVirtualBus>
    <isOrigInportVirtualBus>true</isOrigInportVirtualBus>
    <isOrigOutportVirtualBus>true</isOrigOutportVirtualBus>
    <isOrigOutportVirtualBus>true</isOrigOutportVirtualBus>
    <isOrigOutportVirtualBus>true</isOrigOutportVirtualBus>
    <isOrigOutportVirtualBus>true</isOrigOutportVirtualBus>
    <isOrigOutportVirtualBus>true</isOrigOutportVirtualBus>
    <isOrigOutportVirtualBus>true</isOrigOutportVirtualBus>
    <loggingSaveFormat>2</loggingSaveFormat>
    <maxFreqHz>-1.0</maxFreqHz>
    <numDataInputPorts>5</numDataInputPorts>
    <numLoggableJacobianDStates>0</numLoggableJacobianDStates>
    <origInportBusType></origInportBusType>
    <origInportBusType></origInportBusType>
    <origInportBusType></origInportBusType>
    <origInportBusType></origInportBusType>
    <origInportBusType></origInportBusType>
    <origOutportBusOutputAsStruct>true</origOutportBusOutputAsStruct>
    <origOutportBusOutputAsStruct>true</origOutportBusOutputAsStruct>
    <origOutportBusOutputAsStruct>true</origOutportBusOutputAsStruct>
    <origOutportBusOutputAsStruct>true</origOutportBusOutputAsStruct>
    <origOutportBusOutputAsStruct>true</origOutportBusOutputAsStruct>
    <origOutportBusOutputAsStruct>true</origOutportBusOutputAsStruct>
    <origOutportBusType>Ctrl_to_Act</origOutportBusType>
    <origOutportBusType>Ctrl_to_Act</origOutportBusType>
    <origOutportBusType>Ctrl_to_Act</origOutportBusType>
    <origOutportBusType>Ctrl_to_Act</origOutportBusType>
    <origOutportBusType>Ctrl_to_Act</origOutportBusType>
    <origOutportBusType>Ctrl_to_Act</origOutportBusType>
    <outports type="ModelRefInfoRepo.OutportInformation" uuid="b3c92ffd-0610-4436-9ced-6a4598ed887c">
      <hasSystemInitMethod>true</hasSystemInitMethod>
      <designMax>inf</designMax>
      <designMin>-inf</designMin>
      <rateInfos type="ModelRefInfoRepo.RateInfo">
        <compiled>true</compiled>
        <nonFcnCallPartitionName>D1</nonFcnCallPartitionName>
        <period>2.0</period>
        <priority>40</priority>
        <rateIdx>0</rateIdx>
      </rateInfos>
      <resolvedSignalObject></resolvedSignalObject>
      <autosarInfo type="ModelRefInfoRepo.AUTOSAROutportInfo" uuid="5600b38d-5ad9-4576-8a1a-ac86af3e4cd3">
        <ElementName>Value</ElementName>
        <PortName>DRL_Status_Out</PortName>
      </autosarInfo>
      <executionInterface type="ModelRefInfoRepo.OutputExecutionInterface" uuid="ae88eef5-7e5e-49fa-a843-1436cea59d1e"/>
      <sigNameToEMVCEMap type="ModelRefInfoRepo.SigNameEMVCEInfo" uuid="bf28cb0a-2b1f-4189-b67b-9189f93f1e29"/>
    </outports>
    <outports type="ModelRefInfoRepo.OutportInformation" uuid="2b7e4b67-7e2e-4767-80fd-7aa7eea02ebe">
      <hasSystemInitMethod>true</hasSystemInitMethod>
      <designMax>inf</designMax>
      <designMin>-inf</designMin>
      <originalPortNumber>1</originalPortNumber>
      <rateInfos type="ModelRefInfoRepo.RateInfo">
        <compiled>true</compiled>
        <nonFcnCallPartitionName>D1</nonFcnCallPartitionName>
        <period>2.0</period>
        <priority>40</priority>
        <rateIdx>0</rateIdx>
      </rateInfos>
      <resolvedSignalObject></resolvedSignalObject>
      <autosarInfo type="ModelRefInfoRepo.AUTOSAROutportInfo" uuid="a5660007-1851-43f2-8e62-280702fa3716">
        <ElementName>Value</ElementName>
        <PortName>LowBeam_Status_Out</PortName>
      </autosarInfo>
      <executionInterface type="ModelRefInfoRepo.OutputExecutionInterface" uuid="bd0ef8fc-e4b4-4e72-ac34-87560eb7b328"/>
      <sigNameToEMVCEMap type="ModelRefInfoRepo.SigNameEMVCEInfo" uuid="e5b68763-8e75-4f3a-ab7c-b3a0c8215d93"/>
    </outports>
    <outports type="ModelRefInfoRepo.OutportInformation" uuid="30d3d8e1-00eb-416b-8221-c27a10d2f5f4">
      <hasSystemInitMethod>true</hasSystemInitMethod>
      <designMax>inf</designMax>
      <designMin>-inf</designMin>
      <originalPortNumber>2</originalPortNumber>
      <rateInfos type="ModelRefInfoRepo.RateInfo">
        <compiled>true</compiled>
        <nonFcnCallPartitionName>D1</nonFcnCallPartitionName>
        <period>2.0</period>
        <priority>40</priority>
        <rateIdx>0</rateIdx>
      </rateInfos>
      <resolvedSignalObject></resolvedSignalObject>
      <autosarInfo type="ModelRefInfoRepo.AUTOSAROutportInfo" uuid="cf7962da-e9cd-4ad1-bb01-50266c5b63b8">
        <ElementName>Value</ElementName>
        <PortName>HighBeam_Status_Out</PortName>
      </autosarInfo>
      <executionInterface type="ModelRefInfoRepo.OutputExecutionInterface" uuid="d32688cd-02ee-4e19-800d-4f143c3a5110"/>
      <sigNameToEMVCEMap type="ModelRefInfoRepo.SigNameEMVCEInfo" uuid="fb3996de-c642-424f-a722-1d41bbff2051"/>
    </outports>
    <outports type="ModelRefInfoRepo.OutportInformation" uuid="38b116cd-ef9f-44fa-8c64-397ded988f1c">
      <hasSystemInitMethod>true</hasSystemInitMethod>
      <designMax>inf</designMax>
      <designMin>-inf</designMin>
      <originalPortNumber>3</originalPortNumber>
      <rateInfos type="ModelRefInfoRepo.RateInfo">
        <compiled>true</compiled>
        <nonFcnCallPartitionName>D1</nonFcnCallPartitionName>
        <period>2.0</period>
        <priority>40</priority>
        <rateIdx>0</rateIdx>
      </rateInfos>
      <resolvedSignalObject></resolvedSignalObject>
      <autosarInfo type="ModelRefInfoRepo.AUTOSAROutportInfo" uuid="756ca572-83d0-40fd-a8b3-27fab052b266">
        <ElementName>Value</ElementName>
        <PortName>TurnRight_Status_Out</PortName>
      </autosarInfo>
      <executionInterface type="ModelRefInfoRepo.OutputExecutionInterface" uuid="7e29fc55-7003-4f01-a614-9c8be1b65401"/>
      <sigNameToEMVCEMap type="ModelRefInfoRepo.SigNameEMVCEInfo" uuid="261d551f-9f7c-406d-9b49-96ae70998ae0"/>
    </outports>
    <outports type="ModelRefInfoRepo.OutportInformation" uuid="287ddfdb-d772-44d9-8ea9-a32d10a58c26">
      <hasSystemInitMethod>true</hasSystemInitMethod>
      <designMax>inf</designMax>
      <designMin>-inf</designMin>
      <originalPortNumber>4</originalPortNumber>
      <rateInfos type="ModelRefInfoRepo.RateInfo">
        <compiled>true</compiled>
        <nonFcnCallPartitionName>D1</nonFcnCallPartitionName>
        <period>2.0</period>
        <priority>40</priority>
        <rateIdx>0</rateIdx>
      </rateInfos>
      <resolvedSignalObject></resolvedSignalObject>
      <autosarInfo type="ModelRefInfoRepo.AUTOSAROutportInfo" uuid="693280ea-2e6e-477d-aa30-b1d05c9056a4">
        <ElementName>Value</ElementName>
        <PortName>TurnLeft_Status_Out</PortName>
      </autosarInfo>
      <executionInterface type="ModelRefInfoRepo.OutputExecutionInterface" uuid="f8733b55-e42c-4ac6-aa46-72309763e07f"/>
      <sigNameToEMVCEMap type="ModelRefInfoRepo.SigNameEMVCEInfo" uuid="fbb1f327-04b1-442e-8d28-173aa7670c03"/>
    </outports>
    <outports type="ModelRefInfoRepo.OutportInformation" uuid="b2385b32-1bd9-4d4e-b2d7-5c34680c4649">
      <hasSystemInitMethod>true</hasSystemInitMethod>
      <designMax>inf</designMax>
      <designMin>-inf</designMin>
      <originalPortNumber>5</originalPortNumber>
      <rateInfos type="ModelRefInfoRepo.RateInfo">
        <compiled>true</compiled>
        <nonFcnCallPartitionName>D1</nonFcnCallPartitionName>
        <period>2.0</period>
        <priority>40</priority>
        <rateIdx>0</rateIdx>
      </rateInfos>
      <resolvedSignalObject></resolvedSignalObject>
      <autosarInfo type="ModelRefInfoRepo.AUTOSAROutportInfo" uuid="4d232532-6112-4190-8d48-36722030baff">
        <ElementName>Value</ElementName>
        <PortName>FogLight_Status_Out</PortName>
      </autosarInfo>
      <executionInterface type="ModelRefInfoRepo.OutputExecutionInterface" uuid="46681735-77ca-42ff-8f55-8bfe307e91dd"/>
      <sigNameToEMVCEMap type="ModelRefInfoRepo.SigNameEMVCEInfo" uuid="2e65ed35-045a-40b0-83c2-65f613f9c8b6"/>
    </outports>
    <removeResetFunc>true</removeResetFunc>
    <runtimeNonFcnCallRateInfos type="ModelRefInfoRepo.RateInfo">
      <compiled>true</compiled>
      <nonFcnCallPartitionName>D1</nonFcnCallPartitionName>
      <period>2.0</period>
      <priority>40</priority>
      <rateIdx>0</rateIdx>
    </runtimeNonFcnCallRateInfos>
    <sampleTimeInheritanceRule>2</sampleTimeInheritanceRule>
    <solverStatusFlags>331</solverStatusFlags>
    <timingAndTaskingRegistry>&lt;?xml version=&quot;1.0&quot;?&gt;
&lt;slexec_sto version=&quot;1.1&quot; packageUris=&quot;http://schema.mathworks.com/mf0/slexec_mm_sto/R2024a_202305081229&quot;&gt;
  &lt;sto.Registry type=&quot;sto.Registry&quot; uuid=&quot;a88b9175-aee5-4591-a53c-f58c0e4c07e4&quot;&gt;
    &lt;executionSpec&gt;Undetermined&lt;/executionSpec&gt;
    &lt;identifier&gt;Ctrl&lt;/identifier&gt;
    &lt;clockRegistry type=&quot;sto.ClockRegistry&quot; uuid=&quot;194bad86-fc14-4e6b-9f7c-2372583204b1&quot;&gt;
      &lt;clocks type=&quot;sto.Timer&quot; uuid=&quot;eb97299f-45c5-4141-a7c4-cd7563ff4679&quot;&gt;
        &lt;computedFundamentalDiscretePeriod&gt;2.0&lt;/computedFundamentalDiscretePeriod&gt;
        &lt;fastestDiscreteRate type=&quot;sto.ClassicPeriodicDiscreteRate&quot; uuid=&quot;cd4d7434-47cb-4454-b00e-facc0a07d273&quot;/&gt;
        &lt;isDefaultTimer&gt;true&lt;/isDefaultTimer&gt;
        &lt;resolution&gt;2.0&lt;/resolution&gt;
        &lt;timeAdvanceMode&gt;FixedStep&lt;/timeAdvanceMode&gt;
        &lt;identifier&gt;Ctrl::defaultTimer&lt;/identifier&gt;
        &lt;rates type=&quot;sto.ClassicPeriodicDiscreteRate&quot; uuid=&quot;cd4d7434-47cb-4454-b00e-facc0a07d273&quot;&gt;
          &lt;annotation&gt;D1&lt;/annotation&gt;
          &lt;clockId&gt;Ctrl::defaultTimer&lt;/clockId&gt;
          &lt;description&gt;Discrete 1&lt;/description&gt;
          &lt;taskId&gt;_task0&lt;/taskId&gt;
          &lt;rateSpec type=&quot;sto.RateSpec&quot; uuid=&quot;7dcd5b01-e6e8-403c-a81e-4fa82b76f8f5&quot;&gt;
            &lt;period&gt;2.0&lt;/period&gt;
            &lt;rateType&gt;ClassicPeriodicDiscrete&lt;/rateType&gt;
          &lt;/rateSpec&gt;
        &lt;/rates&gt;
        &lt;baseRate type=&quot;sto.ClassicPeriodicDiscreteRate&quot; uuid=&quot;7232a09b-d3e3-47aa-a142-06115cf74ab7&quot;&gt;
          &lt;annotation&gt;D1&lt;/annotation&gt;
          &lt;clockId&gt;Ctrl::defaultTimer&lt;/clockId&gt;
          &lt;description&gt;Discrete 1&lt;/description&gt;
          &lt;taskId&gt;_task0&lt;/taskId&gt;
          &lt;rateSpec type=&quot;sto.RateSpec&quot; uuid=&quot;d99c5d86-65c4-4f12-9224-d01a9ad4bfab&quot;&gt;
            &lt;period&gt;2.0&lt;/period&gt;
            &lt;rateType&gt;ClassicPeriodicDiscrete&lt;/rateType&gt;
          &lt;/rateSpec&gt;
        &lt;/baseRate&gt;
      &lt;/clocks&gt;
      &lt;timeAdvanceMode&gt;FixedStep&lt;/timeAdvanceMode&gt;
    &lt;/clockRegistry&gt;
    &lt;taskRegistry type=&quot;sto.TaskRegistry&quot; uuid=&quot;00ff327d-efc9-4921-97bc-6737b8062bd9&quot;&gt;
      &lt;rootTaskHierarchyElements type=&quot;sto.Task&quot; uuid=&quot;87a32864-963c-4bbb-88da-5c92a5aef4d0&quot;&gt;
        &lt;isExecutable&gt;true&lt;/isExecutable&gt;
        &lt;orderIndex&gt;1&lt;/orderIndex&gt;
        &lt;rates type=&quot;sto.ClassicPeriodicDiscreteRate&quot; uuid=&quot;7d8d73dc-de1d-4284-987e-e927527d9b17&quot;&gt;
          &lt;annotation&gt;D1&lt;/annotation&gt;
          &lt;clockId&gt;Ctrl::defaultTimer&lt;/clockId&gt;
          &lt;description&gt;Discrete 1&lt;/description&gt;
          &lt;taskId&gt;_task0&lt;/taskId&gt;
          &lt;rateSpec type=&quot;sto.RateSpec&quot; uuid=&quot;5f35bef0-6a58-4582-8b73-2cf58ff185e0&quot;&gt;
            &lt;period&gt;2.0&lt;/period&gt;
            &lt;rateType&gt;ClassicPeriodicDiscrete&lt;/rateType&gt;
          &lt;/rateSpec&gt;
        &lt;/rates&gt;
        &lt;schedulingClockId&gt;Ctrl::defaultTimer&lt;/schedulingClockId&gt;
        &lt;timeKeeperClockId&gt;Ctrl::defaultTimer&lt;/timeKeeperClockId&gt;
        &lt;elementType&gt;Task&lt;/elementType&gt;
        &lt;identifier&gt;_task0&lt;/identifier&gt;
        &lt;priority&gt;40&lt;/priority&gt;
      &lt;/rootTaskHierarchyElements&gt;
      &lt;taskDependencyGraph type=&quot;sto.SerializedTaskConnectionList&quot; uuid=&quot;807387b5-9ca7-4c45-8bb9-070ac20ca98f&quot;&gt;
        &lt;clockIdentifier&gt;Ctrl::defaultTimer&lt;/clockIdentifier&gt;
        &lt;taskIdentifier&gt;_task0&lt;/taskIdentifier&gt;
      &lt;/taskDependencyGraph&gt;
      &lt;taskPriorityDirection&gt;HighNumberLast&lt;/taskPriorityDirection&gt;
      &lt;taskingMode&gt;ClassicMultiTasking&lt;/taskingMode&gt;
    &lt;/taskRegistry&gt;
  &lt;/sto.Registry&gt;
&lt;/slexec_sto&gt;</timingAndTaskingRegistry>
    <zeroInternalMemoryAtStartupUnchecked>true</zeroInternalMemoryAtStartupUnchecked>
    <FMUBlockMap type="ModelRefInfoRepo.FMUBlockInfo" uuid="f450cd43-2df3-4af3-af24-f4d398d55761"/>
    <codeGenInfo type="ModelRefInfoRepo.CodeGenInformation" uuid="4349a850-a594-4c8d-9e6f-c8efbd12c787"/>
    <compiledVariantInfos type="ModelRefInfoRepo.CompiledVariantInfoMap" uuid="2ae987f9-d649-492e-b557-e1f3f9039ee5"/>
    <configSettingsForConsistencyChecks type="ModelRefInfoRepo.ConfigSettingsForConsistencyChecks" uuid="61038b72-b4d5-422b-b78d-4d175a14b285">
      <LUTObjectStructOrderEvenSpacing>1</LUTObjectStructOrderEvenSpacing>
      <consistentOutportInitialization>true</consistentOutportInitialization>
      <fixedStepSize>2.0</fixedStepSize>
      <frameDiagnosticSetting>2</frameDiagnosticSetting>
      <hasHybridSampleTime>true</hasHybridSampleTime>
      <optimizedInitCode>true</optimizedInitCode>
      <signalLoggingSaveFormat>2</signalLoggingSaveFormat>
      <simSIMDOptimization>1</simSIMDOptimization>
      <solverName>FixedStepDiscrete</solverName>
      <solverType>SOLVER_TYPE_FIXEDSTEP</solverType>
      <hardwareSettings type="ModelRefInfoRepo.HardwareSettings" uuid="84ea4383-5cd6-475a-bb75-eacf242fe40e">
        <prodBitPerChar>8</prodBitPerChar>
        <prodBitPerDouble>64</prodBitPerDouble>
        <prodBitPerFloat>32</prodBitPerFloat>
        <prodBitPerInt>32</prodBitPerInt>
        <prodBitPerLong>32</prodBitPerLong>
        <prodBitPerLongLong>64</prodBitPerLongLong>
        <prodBitPerPointer>64</prodBitPerPointer>
        <prodBitPerPtrDiffT>64</prodBitPerPtrDiffT>
        <prodBitPerShort>16</prodBitPerShort>
        <prodBitPerSizeT>64</prodBitPerSizeT>
        <prodEndianess>1</prodEndianess>
        <prodShiftRight>true</prodShiftRight>
        <prodWordSize>64</prodWordSize>
      </hardwareSettings>
    </configSettingsForConsistencyChecks>
    <controllableInputRatesMap type="ModelRefInfoRepo.VarTsUIDMap" uuid="e6544cdf-1204-4ac2-a040-50c010099ab4"/>
    <controllableOutputRatesMap type="ModelRefInfoRepo.VarTsUIDMap" uuid="6a4dc092-4bef-4ed4-abc9-95fbadb725bf"/>
    <dataPortGroup type="ModelRefInfoRepo.DataPortGroup" uuid="8d95c57d-93e4-4f2f-8a8d-03de0cf8cd01">
      <compDataInputPorts>0</compDataInputPorts>
      <compDataInputPorts>1</compDataInputPorts>
      <compDataInputPorts>2</compDataInputPorts>
      <compDataInputPorts>3</compDataInputPorts>
      <compDataInputPorts>4</compDataInputPorts>
      <compDataOutputPorts>0</compDataOutputPorts>
      <compDataOutputPorts>1</compDataOutputPorts>
      <compDataOutputPorts>2</compDataOutputPorts>
      <compDataOutputPorts>3</compDataOutputPorts>
      <compDataOutputPorts>4</compDataOutputPorts>
      <compDataOutputPorts>5</compDataOutputPorts>
      <dataInputPorts>0</dataInputPorts>
      <dataInputPorts>1</dataInputPorts>
      <dataInputPorts>2</dataInputPorts>
      <dataInputPorts>3</dataInputPorts>
      <dataInputPorts>4</dataInputPorts>
      <dataOutputPorts>0</dataOutputPorts>
      <dataOutputPorts>1</dataOutputPorts>
      <dataOutputPorts>2</dataOutputPorts>
      <dataOutputPorts>3</dataOutputPorts>
      <dataOutputPorts>4</dataOutputPorts>
      <dataOutputPorts>5</dataOutputPorts>
    </dataPortGroup>
    <expFcnUnconnectedDataPortGroup type="ModelRefInfoRepo.DataPortGroup" uuid="ad456946-8487-43b1-8615-be0ad3a6e1f0"/>
    <interfaceParameterInfo type="ModelRefInfoRepo.InterfaceParameterInfo" uuid="4068f57d-649a-4e6b-928d-ee0bdeab79f1"/>
    <messageInfo type="ModelRefInfoRepo.MessageInformation" uuid="102d3312-c53d-409f-9491-bfcc8fe118ec"/>
    <methodInfo type="ModelRefInfoRepo.MethodExistenceInfo" uuid="f3cf3109-0e37-4f54-86ea-0cd3e1344e63"/>
    <periodicEventPortUnsupportedBlockInfo type="ModelRefInfoRepo.PeriodicEventPortUnsupportedBlockInfo" uuid="c56fcf53-d628-470b-a9ce-deadf466a93d"/>
    <portGroupsRequireSameRate type="ModelRefInfoRepo.PortGroupsRequireSameRate" uuid="5efd8485-36ac-4bb9-8abb-4beefd332c68">
      <DSMPortGroups type="ModelRefInfoRepo.NameToPortGroupIdxVectMap" uuid="145ec925-c052-467d-ac70-02f90d213971"/>
      <GlobalDSMPortGroups type="ModelRefInfoRepo.NameToPortGroupIdxVectMap" uuid="ada07239-a865-4862-b570-b0d5c95d7910"/>
      <mergedPortGroups type="ModelRefInfoRepo.NameToPortGroupIdxVectMap" uuid="bbecb63e-7aee-4afc-b9f0-525d4653941a"/>
    </portGroupsRequireSameRate>
    <rateBasedMdlGlobalDSMRateSpec type="ModelRefInfoRepo.GlobalDSMRateSpecMap" uuid="9e722159-d778-4af7-9f4d-a98bf0625662"/>
    <rateSpecOfGlobalDSMAccessedByDescExpFcnMdlMap type="ModelRefInfoRepo.GlobalDSMRateSpecMap" uuid="a87f5b2a-c807-4719-884b-6eaa8a1ea9c0"/>
    <rootBlockDiagramInterface type="ci.Model" uuid="3ed4bf26-1fff-4e18-b048-43bbeef5ccfd">
      <p_RootComponentInterface type="ci.ComponentInterface" uuid="c810e6f3-8cea-411c-9f05-4fb5e0a97c28">
        <p_InputPorts type="ci.SignalInterface" uuid="d60f5fbd-2001-43b9-9e74-821d6cb4e7d5">
          <p_ComputedNumericDimensions>1.0</p_ComputedNumericDimensions>
          <p_ComputedSampleTime>2.0</p_ComputedSampleTime>
          <p_ComputedSampleTime>0.0</p_ComputedSampleTime>
          <p_ComputedType>boolean</p_ComputedType>
          <p_Name>N_Detector_Out_Value</p_Name>
        </p_InputPorts>
        <p_InputPorts type="ci.SignalInterface" uuid="87503869-250a-4aee-adc6-437a8d74e722">
          <p_ComputedNumericDimensions>1.0</p_ComputedNumericDimensions>
          <p_ComputedSampleTime>2.0</p_ComputedSampleTime>
          <p_ComputedSampleTime>0.0</p_ComputedSampleTime>
          <p_ComputedType>boolean</p_ComputedType>
          <p_Name>AF_Detector_Out_Value</p_Name>
        </p_InputPorts>
        <p_InputPorts type="ci.SignalInterface" uuid="f8a17256-4d98-4893-90e6-bc656a7791da">
          <p_ComputedNumericDimensions>1.0</p_ComputedNumericDimensions>
          <p_ComputedSampleTime>2.0</p_ComputedSampleTime>
          <p_ComputedSampleTime>0.0</p_ComputedSampleTime>
          <p_ComputedType>uint8</p_ComputedType>
          <p_Name>HighBeam_Cmd_Value</p_Name>
        </p_InputPorts>
        <p_InputPorts type="ci.SignalInterface" uuid="7de2a0c5-952e-46b5-aa3d-ee58c7aecdee">
          <p_ComputedNumericDimensions>1.0</p_ComputedNumericDimensions>
          <p_ComputedSampleTime>2.0</p_ComputedSampleTime>
          <p_ComputedSampleTime>0.0</p_ComputedSampleTime>
          <p_ComputedType>uint8</p_ComputedType>
          <p_Name>TurnSignal_Cmd_Value</p_Name>
        </p_InputPorts>
        <p_InputPorts type="ci.SignalInterface" uuid="d8d9595d-b36d-4fa0-b812-ea0bff279f8e">
          <p_ComputedNumericDimensions>1.0</p_ComputedNumericDimensions>
          <p_ComputedSampleTime>2.0</p_ComputedSampleTime>
          <p_ComputedSampleTime>0.0</p_ComputedSampleTime>
          <p_ComputedType>boolean</p_ComputedType>
          <p_Name>Ignition_State_Value</p_Name>
        </p_InputPorts>
        <p_Name>Ctrl</p_Name>
        <p_OutputPorts type="ci.SignalInterface" uuid="70e00717-94f8-421e-9965-ff1dda5f9235">
          <p_ComputedNumericDimensions>1.0</p_ComputedNumericDimensions>
          <p_ComputedSampleTime>2.0</p_ComputedSampleTime>
          <p_ComputedSampleTime>0.0</p_ComputedSampleTime>
          <p_ComputedType>boolean</p_ComputedType>
          <p_Name>DRL_Status_Out_Value</p_Name>
        </p_OutputPorts>
        <p_OutputPorts type="ci.SignalInterface" uuid="a4e34968-7eec-4471-a5d0-3315795e8b57">
          <p_ComputedNumericDimensions>1.0</p_ComputedNumericDimensions>
          <p_ComputedSampleTime>2.0</p_ComputedSampleTime>
          <p_ComputedSampleTime>0.0</p_ComputedSampleTime>
          <p_ComputedType>boolean</p_ComputedType>
          <p_Name>LowBeam_Status_Out_Value</p_Name>
        </p_OutputPorts>
        <p_OutputPorts type="ci.SignalInterface" uuid="3141aa03-8699-45a8-9d61-4856f10190c3">
          <p_ComputedNumericDimensions>1.0</p_ComputedNumericDimensions>
          <p_ComputedSampleTime>2.0</p_ComputedSampleTime>
          <p_ComputedSampleTime>0.0</p_ComputedSampleTime>
          <p_ComputedType>boolean</p_ComputedType>
          <p_Name>HighBeam_Status_Out_Value</p_Name>
        </p_OutputPorts>
        <p_OutputPorts type="ci.SignalInterface" uuid="03f0a957-003f-49fb-9c6e-3d8bfadcc7d3">
          <p_ComputedNumericDimensions>1.0</p_ComputedNumericDimensions>
          <p_ComputedSampleTime>2.0</p_ComputedSampleTime>
          <p_ComputedSampleTime>0.0</p_ComputedSampleTime>
          <p_ComputedType>boolean</p_ComputedType>
          <p_Name>TurnRight_Status_Out_Value</p_Name>
        </p_OutputPorts>
        <p_OutputPorts type="ci.SignalInterface" uuid="a439657e-433f-4110-b2cf-f9fb9e463bf5">
          <p_ComputedNumericDimensions>1.0</p_ComputedNumericDimensions>
          <p_ComputedSampleTime>2.0</p_ComputedSampleTime>
          <p_ComputedSampleTime>0.0</p_ComputedSampleTime>
          <p_ComputedType>boolean</p_ComputedType>
          <p_Name>TurnLeft_Status_Out_Value</p_Name>
        </p_OutputPorts>
        <p_OutputPorts type="ci.SignalInterface" uuid="86013109-6b02-4223-8afa-800c3e415367">
          <p_ComputedNumericDimensions>1.0</p_ComputedNumericDimensions>
          <p_ComputedSampleTime>2.0</p_ComputedSampleTime>
          <p_ComputedSampleTime>0.0</p_ComputedSampleTime>
          <p_ComputedType>boolean</p_ComputedType>
          <p_Name>FogLight_Status_Out_Value</p_Name>
        </p_OutputPorts>
        <p_Type>ROOT</p_Type>
      </p_RootComponentInterface>
    </rootBlockDiagramInterface>
    <simulinkFunctions type="ModelRefInfoRepo.SimulinkFunctions" uuid="81f4fcab-a321-40ce-ac2f-41188f17990c">
      <compSimulinkFunctionCatalog></compSimulinkFunctionCatalog>
    </simulinkFunctions>
    <sltpContext type="sltp.mm.core.Context" uuid="804af535-5fd3-4a97-945a-96122fdf182b">
      <globalData type="sltp.mm.core.GlobalData" uuid="c306a495-93b3-45db-bb9b-401685a6a0d6">
        <dataName>portAF_Detector_Out_Value</dataName>
        <type>RootInport</type>
      </globalData>
      <globalData type="sltp.mm.core.GlobalData" uuid="9aff7d3f-e464-468b-b32c-e0d969b20f9e">
        <dataName>portDRL_Status_Out_Value</dataName>
        <type>RootOutport</type>
      </globalData>
      <globalData type="sltp.mm.core.GlobalData" uuid="bc7b9ead-5b4e-4694-a465-96b5fc414391">
        <dataName>portFogLight_Status_Out_Value</dataName>
        <type>RootOutport</type>
      </globalData>
      <globalData type="sltp.mm.core.GlobalData" uuid="a519d399-5296-4e8c-8fba-e00a45ad1693">
        <dataName>portHighBeam_Cmd_Element</dataName>
        <type>RootInport</type>
      </globalData>
      <globalData type="sltp.mm.core.GlobalData" uuid="3fc1dd94-1b8f-4c81-ab9a-deb4d102d6ce">
        <dataName>portHighBeam_Cmd_Value</dataName>
        <type>RootInport</type>
      </globalData>
      <globalData type="sltp.mm.core.GlobalData" uuid="2bd0cb5f-fd6b-4f58-a90b-6d70888037e4">
        <dataName>portHighBeam_Status_Out_Value</dataName>
        <type>RootOutport</type>
      </globalData>
      <globalData type="sltp.mm.core.GlobalData" uuid="4863d262-d057-4b73-af60-529c8802c030">
        <dataName>portIgnition_State_Value</dataName>
        <type>RootInport</type>
      </globalData>
      <globalData type="sltp.mm.core.GlobalData" uuid="f2b31766-2e94-4ed9-821e-329d44344b6f">
        <dataName>portLowBeam_Status_Out_Value</dataName>
        <type>RootOutport</type>
      </globalData>
      <globalData type="sltp.mm.core.GlobalData" uuid="198b75e4-e6f5-4b1d-949e-1994fd141780">
        <dataName>portN_Detector_Out_Value</dataName>
        <type>RootInport</type>
      </globalData>
      <globalData type="sltp.mm.core.GlobalData" uuid="dd74eb1d-eee4-4bf0-a346-809f31de89d9">
        <dataName>portTurnLeft_Status_Out_Value</dataName>
        <type>RootOutport</type>
      </globalData>
      <globalData type="sltp.mm.core.GlobalData" uuid="92c28078-0b90-46c8-bc6a-7f692ac07864">
        <dataName>portTurnRight_Status_Out_Value</dataName>
        <type>RootOutport</type>
      </globalData>
      <globalData type="sltp.mm.core.GlobalData" uuid="2ef585ac-1a5d-477c-870d-a5db28ef9866">
        <dataName>portTurnSignal_Cmd_Value</dataName>
        <type>RootInport</type>
      </globalData>
      <priorityDirection>HighNumberLast</priorityDirection>
      <unusedTaskIds>1</unusedTaskIds>
      <defaultEventBehavior type="sltp.mm.core.EventBehavior" uuid="36d2dc72-f8a7-44b0-ba08-4f0c51c0e840"/>
      <editorState type="sltp.mm.core.EditorState" uuid="06c0f95a-0ba7-4d5a-8529-fc4b17a3ddff">
        <isSynchronized>true</isSynchronized>
        <panelState type="sltp.mm.core.EditorPanelState" uuid="b8109ad1-0888-43a7-aded-1dd8e194c02b"/>
      </editorState>
      <rootTask type="sltp.mm.core.Task" uuid="99792590-0a64-43ed-822b-3aab7843754c">
        <context type="sltp.mm.core.Context" uuid="804af535-5fd3-4a97-945a-96122fdf182b"/>
        <explicit>false</explicit>
        <name>Default</name>
        <priority>-2147483648</priority>
        <subgraph type="sltp.mm.core.Graph" uuid="216b3541-88b3-47e0-982b-0106081c2d7d">
          <tasks type="sltp.mm.core.Task" uuid="c77b5f76-0ca4-4298-872d-cfcc20b6905a">
            <context type="sltp.mm.core.Context" uuid="804af535-5fd3-4a97-945a-96122fdf182b"/>
            <explicit>false</explicit>
            <id>2</id>
            <isTimed>true</isTimed>
            <name>D1</name>
            <priority>40</priority>
            <rates type="sltp.mm.core.Rate" uuid="c46358c3-3a10-45a8-bdc6-db6a5d7cbfe8">
              <annotation>D1</annotation>
              <color>-12240129</color>
              <hasBlocks>true</hasBlocks>
              <identifier>ClassicPeriodicDiscrete20</identifier>
              <rateIndex>0</rateIndex>
              <rateSpec type="sltp.mm.core.RateSpec">
                <period>2.0</period>
              </rateSpec>
              <sti>0</sti>
            </rates>
          </tasks>
        </subgraph>
      </rootTask>
    </sltpContext>
    <stateWriterToOwnerMap type="ModelRefInfoRepo.StateWriterInfo" uuid="7c249181-c403-4a4a-a49c-4a357dec8cfa"/>
    <stoClientDataRegistry type="sto.ClientDataRegistry" uuid="4d82dedf-5edb-4ad8-b8bd-df7d3b6b94a4">
      <dataSets type="sto.ClientClockNamedDataSet" uuid="fef02f4d-31d5-4624-b0cf-aeb8f3732d1c">
        <tag>sltpEvents</tag>
      </dataSets>
      <dataSets type="sto.ClientTaskHierarchyElementNamedDataSet" uuid="a57a3fdf-a34b-4f9a-8ced-01608c4249f9">
        <tag>sltpTaskGroups</tag>
      </dataSets>
      <dataSets type="sto.ClientTaskHierarchyElementNamedDataSet" uuid="0bcfff96-f0cc-4464-8c28-c288f359fea7">
        <dSet type="ModelRefInfoRepo.SltpTaskData" uuid="e5986c5c-2ceb-4233-a531-8fdf5089e859"/>
        <tSet type="ModelRefInfoRepo.SltpTaskData" uuid="e5986c5c-2ceb-4233-a531-8fdf5089e859">
          <dataName>D1</dataName>
          <linkedSet type="sto.ClientTaskHierarchyElementNamedDataSet" uuid="0bcfff96-f0cc-4464-8c28-c288f359fea7"/>
          <id type="sto.TaskHierarchyElementId">
            <clockId>Ctrl::defaultTimer</clockId>
            <id>_task0</id>
          </id>
        </tSet>
        <tag>sltpTasks</tag>
      </dataSets>
    </stoClientDataRegistry>
    <varTsUIDMap type="ModelRefInfoRepo.VarTsUIDMap" uuid="dc678456-d66b-4117-aafb-a413855eedae"/>
  </ModelRefInfoRepo.ModelRefInfoRoot>
</MF0>