<?xml version="1.0" encoding="UTF-8"?>
<MF0 version="1.1" packageUris="http://schema.mathworks.com/mf0/ci/19700101 http://schema.mathworks.com/mf0/sl_modelref_info/R2024a http://schema.mathworks.com/mf0/slexec_mm_sto/R2024a_202305081229 http://schema.mathworks.com/mf0/sltp_mm/R2023a_202209151115">
  <ModelRefInfoRepo.ModelRefInfoRoot type="ModelRefInfoRepo.ModelRefInfoRoot" uuid="219017e2-461c-4039-965c-da780841b4fa">
    <childModelRefInfo type="ModelRefInfoRepo.ChildModelRefInfo" uuid="3d0dbcbb-bb6f-49f9-bafc-2cccbb484467">
      <modelName>Monitor</modelName>
      <modelPath>Monitor</modelPath>
    </childModelRefInfo>
    <compiledTFinal>10.0</compiledTFinal>
    <dataDictionary>dict.sldd</dataDictionary>
    <dataDictionarySet>dict.sldd</dataDictionarySet>
    <dataSourceInfo type="ModelRefInfoRepo.DataSourceInfo" uuid="7daa0b39-ba3b-4b94-aa87-d5b30c652b21">
      <dataSources type="ModelRefInfoRepo.SourceInfo" uuid="f7b4fb76-2ad9-4c4d-b40b-f85f34b87113">
        <includeAllSections>true</includeAllSections>
        <sourceName>dict.sldd</sourceName>
        <type>DataDictionary</type>
      </dataSources>
      <dataSources type="ModelRefInfoRepo.SourceInfo" uuid="238de46a-8000-4f36-abac-0262e6345b6f">
        <includeAllSections>true</includeAllSections>
        <sourceName>base workspace</sourceName>
        <type>BaseWorkspace</type>
      </dataSources>
      <modelName>Monitor</modelName>
    </dataSourceInfo>
    <dataTransferInfos>AAFJTQAAAAAOAAAAOAAAAAYAAAAIAAAAAgAAAAAAAAAFAAAACAAAAAAAAAABAAAAAQAAAAAAAAAFAAQAAQAAAAEAAAAAAAAA</dataTransferInfos>
    <fastestNoncontSigFeedingDerivPorts>-1.0</fastestNoncontSigFeedingDerivPorts>
    <fundamentalSampleTimePeriod>.2</fundamentalSampleTimePeriod>
    <globalVariables>#Inter_Comp#dict.sldd#</globalVariables>
    <globalVariables>#Sensor_to_Ctrl#dict.sldd#</globalVariables>
    <grCompInputPortMaps>0,0,0;1,1,1</grCompInputPortMaps>
    <grCompOutputPortMaps>0,0,0;1,1,1</grCompOutputPortMaps>
    <hasBlockWithPeriodicDiscreteSampleTime>true</hasBlockWithPeriodicDiscreteSampleTime>
    <hasBwsAccessed>true</hasBwsAccessed>
    <hasNonVirtualConstantTs>true</hasNonVirtualConstantTs>
    <inports type="ModelRefInfoRepo.InportInformation" uuid="1b5401d9-1490-4787-8c19-e7ec818d3efd">
      <isNotDerivPort>true</isNotDerivPort>
      <designMax>inf</designMax>
      <designMin>-inf</designMin>
      <indexType>2</indexType>
      <rateInfos type="ModelRefInfoRepo.RateInfo">
        <compiled>true</compiled>
        <nonFcnCallPartitionName>D1</nonFcnCallPartitionName>
        <period>.2</period>
        <priority>40</priority>
        <rateIdx>0</rateIdx>
      </rateInfos>
      <resolvedSignalObject></resolvedSignalObject>
      <autosarInfo type="ModelRefInfoRepo.AUTOSARInportInfo" uuid="cbd93953-0650-4281-b50c-dbe21d927646">
        <ElementName>Value</ElementName>
        <PortName>N_Detector_In</PortName>
      </autosarInfo>
      <executionInterface type="ModelRefInfoRepo.InputExecutionInterface" uuid="4900f6d5-255a-4de9-bdbf-b0488470086f"/>
      <sigNameToEMVCEMap type="ModelRefInfoRepo.SigNameEMVCEInfo" uuid="bebca255-833a-4d72-a80d-2dbf3597255b"/>
    </inports>
    <inports type="ModelRefInfoRepo.InportInformation" uuid="c7d6feda-6501-4f6b-8165-f23b4e12959d">
      <isNotDerivPort>true</isNotDerivPort>
      <designMax>inf</designMax>
      <designMin>-inf</designMin>
      <indexType>2</indexType>
      <originalPortNumber>1</originalPortNumber>
      <rateInfos type="ModelRefInfoRepo.RateInfo">
        <compiled>true</compiled>
        <nonFcnCallPartitionName>D1</nonFcnCallPartitionName>
        <period>.2</period>
        <priority>40</priority>
        <rateIdx>0</rateIdx>
      </rateInfos>
      <resolvedSignalObject></resolvedSignalObject>
      <autosarInfo type="ModelRefInfoRepo.AUTOSARInportInfo" uuid="f9f245ab-0427-42a2-b6f0-f6698ed16dd4">
        <ElementName>Value</ElementName>
        <PortName>AF_Detector_In</PortName>
      </autosarInfo>
      <executionInterface type="ModelRefInfoRepo.InputExecutionInterface" uuid="85e59468-15fe-49db-ad1a-8bfcdf9d356d"/>
      <sigNameToEMVCEMap type="ModelRefInfoRepo.SigNameEMVCEInfo" uuid="f05daeeb-cc42-43d9-8f13-40da11466d62"/>
    </inports>
    <isBdInSimModeForSimCodegenVariants>false</isBdInSimModeForSimCodegenVariants>
    <isInlineParamsOn>true</isInlineParamsOn>
    <isOrigInportVirtualBus>true</isOrigInportVirtualBus>
    <isOrigInportVirtualBus>true</isOrigInportVirtualBus>
    <isOrigOutportVirtualBus>true</isOrigOutportVirtualBus>
    <isOrigOutportVirtualBus>true</isOrigOutportVirtualBus>
    <loggingSaveFormat>2</loggingSaveFormat>
    <maxFreqHz>-1.0</maxFreqHz>
    <numDataInputPorts>2</numDataInputPorts>
    <numLoggableJacobianDStates>0</numLoggableJacobianDStates>
    <origInportBusType></origInportBusType>
    <origInportBusType></origInportBusType>
    <origOutportBusOutputAsStruct>true</origOutportBusOutputAsStruct>
    <origOutportBusOutputAsStruct>true</origOutportBusOutputAsStruct>
    <origOutportBusType>Sensor_to_Ctrl</origOutportBusType>
    <origOutportBusType>Sensor_to_Ctrl</origOutportBusType>
    <outports type="ModelRefInfoRepo.OutportInformation" uuid="1332288a-eaaf-4dd1-86d6-077e07f4208d">
      <designMax>1.0</designMax>
      <rateInfos type="ModelRefInfoRepo.RateInfo">
        <compiled>true</compiled>
        <nonFcnCallPartitionName>D1</nonFcnCallPartitionName>
        <period>.2</period>
        <priority>40</priority>
        <rateIdx>0</rateIdx>
      </rateInfos>
      <resolvedSignalObject></resolvedSignalObject>
      <autosarInfo type="ModelRefInfoRepo.AUTOSAROutportInfo" uuid="c4b48858-3142-469f-adec-297036a1e5dd">
        <ElementName>Value</ElementName>
        <PortName>N_Detector_Out</PortName>
      </autosarInfo>
      <executionInterface type="ModelRefInfoRepo.OutputExecutionInterface" uuid="e87d4e26-2589-4ec6-b4ff-120c6d45272e"/>
      <sigNameToEMVCEMap type="ModelRefInfoRepo.SigNameEMVCEInfo" uuid="48e531f7-c717-4bbd-b4c2-e8ab36ee7a65"/>
    </outports>
    <outports type="ModelRefInfoRepo.OutportInformation" uuid="cd512d13-7534-405c-b7ab-dd53f5e4ffd9">
      <designMax>1.0</designMax>
      <originalPortNumber>1</originalPortNumber>
      <rateInfos type="ModelRefInfoRepo.RateInfo">
        <compiled>true</compiled>
        <nonFcnCallPartitionName>D1</nonFcnCallPartitionName>
        <period>.2</period>
        <priority>40</priority>
        <rateIdx>0</rateIdx>
      </rateInfos>
      <resolvedSignalObject></resolvedSignalObject>
      <autosarInfo type="ModelRefInfoRepo.AUTOSAROutportInfo" uuid="e8475af8-0282-42ad-9afc-f9fa18432374">
        <ElementName>Value</ElementName>
        <PortName>AF_Detector_Out</PortName>
      </autosarInfo>
      <executionInterface type="ModelRefInfoRepo.OutputExecutionInterface" uuid="e3b92c55-62e8-4cc1-b2c8-44f717027289"/>
      <sigNameToEMVCEMap type="ModelRefInfoRepo.SigNameEMVCEInfo" uuid="e4c529b1-e32d-4579-8c1d-59f359472ea5"/>
    </outports>
    <removeResetFunc>true</removeResetFunc>
    <runtimeNonFcnCallRateInfos type="ModelRefInfoRepo.RateInfo">
      <compiled>true</compiled>
      <nonFcnCallPartitionName>D1</nonFcnCallPartitionName>
      <period>.2</period>
      <priority>40</priority>
      <rateIdx>0</rateIdx>
    </runtimeNonFcnCallRateInfos>
    <sampleTimeInheritanceRule>1</sampleTimeInheritanceRule>
    <solverStatusFlags>331</solverStatusFlags>
    <standaloneEnumInfos type="ModelRefInfoRepo.StandaloneEnumInfo" uuid="e5ed4cad-5b5b-4104-8777-c1bccc3bbe78">
      <defaultValue>DEM_EVENT_STATUS_PASSED</defaultValue>
      <enumName>Dem_EventStatusType</enumName>
      <labels>DEM_EVENT_STATUS_PASSED</labels>
      <labels>DEM_EVENT_STATUS_FAILED</labels>
      <labels>DEM_EVENT_STATUS_PREPASSED</labels>
      <labels>DEM_EVENT_STATUS_PREFAILED</labels>
      <labels>DEM_EVENT_STATUS_FDC_THRESHOLD_REACHED</labels>
      <storageType>uint8</storageType>
      <values>0</values>
      <values>1</values>
      <values>2</values>
      <values>3</values>
      <values>4</values>
    </standaloneEnumInfos>
    <timingAndTaskingRegistry>&lt;?xml version=&quot;1.0&quot;?&gt;
&lt;slexec_sto version=&quot;1.1&quot; packageUris=&quot;http://schema.mathworks.com/mf0/slexec_mm_sto/R2024a_202305081229&quot;&gt;
  &lt;sto.Registry type=&quot;sto.Registry&quot; uuid=&quot;327feebb-1169-4c08-8f4c-3116e50c2113&quot;&gt;
    &lt;executionSpec&gt;Undetermined&lt;/executionSpec&gt;
    &lt;identifier&gt;Monitor&lt;/identifier&gt;
    &lt;clockRegistry type=&quot;sto.ClockRegistry&quot; uuid=&quot;5b2b5d6b-382c-48c3-a7eb-70032442befc&quot;&gt;
      &lt;clocks type=&quot;sto.Timer&quot; uuid=&quot;ba3cbeda-e0c5-4d35-96d0-61f693d540dd&quot;&gt;
        &lt;computedFundamentalDiscretePeriod&gt;.2&lt;/computedFundamentalDiscretePeriod&gt;
        &lt;fastestDiscreteRate type=&quot;sto.ClassicPeriodicDiscreteRate&quot; uuid=&quot;cbb159ef-d78b-4818-b7d6-6f3a09e6dd71&quot;/&gt;
        &lt;isDefaultTimer&gt;true&lt;/isDefaultTimer&gt;
        &lt;resolution&gt;.2&lt;/resolution&gt;
        &lt;timeAdvanceMode&gt;FixedStep&lt;/timeAdvanceMode&gt;
        &lt;identifier&gt;Monitor::defaultTimer&lt;/identifier&gt;
        &lt;rates type=&quot;sto.ClassicPeriodicDiscreteRate&quot; uuid=&quot;cbb159ef-d78b-4818-b7d6-6f3a09e6dd71&quot;&gt;
          &lt;annotation&gt;D1&lt;/annotation&gt;
          &lt;clockId&gt;Monitor::defaultTimer&lt;/clockId&gt;
          &lt;description&gt;Discrete 1&lt;/description&gt;
          &lt;taskId&gt;_task0&lt;/taskId&gt;
          &lt;rateSpec type=&quot;sto.RateSpec&quot; uuid=&quot;47ce7531-e7a9-4c5b-b3e0-46d0502fe1ff&quot;&gt;
            &lt;period&gt;.2&lt;/period&gt;
            &lt;rateType&gt;ClassicPeriodicDiscrete&lt;/rateType&gt;
          &lt;/rateSpec&gt;
        &lt;/rates&gt;
        &lt;baseRate type=&quot;sto.ClassicPeriodicDiscreteRate&quot; uuid=&quot;fb295775-cef0-4b7a-a735-115590dc8143&quot;&gt;
          &lt;annotation&gt;D1&lt;/annotation&gt;
          &lt;clockId&gt;Monitor::defaultTimer&lt;/clockId&gt;
          &lt;description&gt;Discrete 1&lt;/description&gt;
          &lt;taskId&gt;_task0&lt;/taskId&gt;
          &lt;rateSpec type=&quot;sto.RateSpec&quot; uuid=&quot;9a6b3d24-e1e5-4e70-ae18-180509ec6fe6&quot;&gt;
            &lt;period&gt;.2&lt;/period&gt;
            &lt;rateType&gt;ClassicPeriodicDiscrete&lt;/rateType&gt;
          &lt;/rateSpec&gt;
        &lt;/baseRate&gt;
      &lt;/clocks&gt;
      &lt;clocks type=&quot;sto.Event&quot; uuid=&quot;2abb263b-512a-4ec9-9161-6ed6091ea675&quot;&gt;
        &lt;eventType&gt;PARAMETER_CHANGE_EVENT&lt;/eventType&gt;
        &lt;cNum&gt;1&lt;/cNum&gt;
        &lt;clockType&gt;Event&lt;/clockType&gt;
        &lt;identifier&gt;ParameterChangeEvent&lt;/identifier&gt;
        &lt;rates type=&quot;sto.ModelWideEventRate&quot; uuid=&quot;ca561a3e-bb2c-416d-ad82-a36fdfb9b79c&quot;&gt;
          &lt;clockId&gt;ParameterChangeEvent&lt;/clockId&gt;
          &lt;rateIdx&gt;-1&lt;/rateIdx&gt;
          &lt;taskId&gt;ModelWideParameterChangeEvent&lt;/taskId&gt;
          &lt;useForExecution&gt;NotForExecution&lt;/useForExecution&gt;
          &lt;rateSpec type=&quot;sto.RateSpec&quot; uuid=&quot;6742ddc2-96bb-4822-a266-a40274becea3&quot;&gt;
            &lt;period&gt;inf&lt;/period&gt;
            &lt;rateType&gt;ModelWideParameterChangeEvent&lt;/rateType&gt;
          &lt;/rateSpec&gt;
        &lt;/rates&gt;
      &lt;/clocks&gt;
      &lt;timeAdvanceMode&gt;FixedStep&lt;/timeAdvanceMode&gt;
    &lt;/clockRegistry&gt;
    &lt;taskRegistry type=&quot;sto.TaskRegistry&quot; uuid=&quot;80db1deb-b906-4062-8756-e1eedddc37cf&quot;&gt;
      &lt;rootTaskHierarchyElements type=&quot;sto.Task&quot; uuid=&quot;fe335a44-db27-45b5-b537-e1d37b5155a3&quot;&gt;
        &lt;isExplicit&gt;true&lt;/isExplicit&gt;
        &lt;rates type=&quot;sto.ModelWideEventRate&quot; uuid=&quot;1d26a043-ec89-4791-b8ad-03f9c43c7344&quot;&gt;
          &lt;clockId&gt;ParameterChangeEvent&lt;/clockId&gt;
          &lt;rateIdx&gt;-1&lt;/rateIdx&gt;
          &lt;taskId&gt;ModelWideParameterChangeEvent&lt;/taskId&gt;
          &lt;useForExecution&gt;NotForExecution&lt;/useForExecution&gt;
          &lt;rateSpec type=&quot;sto.RateSpec&quot; uuid=&quot;2365ebb4-b04e-4159-91c3-11575af867e3&quot;&gt;
            &lt;period&gt;inf&lt;/period&gt;
            &lt;rateType&gt;ModelWideParameterChangeEvent&lt;/rateType&gt;
          &lt;/rateSpec&gt;
        &lt;/rates&gt;
        &lt;schedulingClockId&gt;ParameterChangeEvent&lt;/schedulingClockId&gt;
        &lt;timeKeeperClockId&gt;Monitor::defaultTimer&lt;/timeKeeperClockId&gt;
        &lt;elementType&gt;Task&lt;/elementType&gt;
        &lt;identifier&gt;ModelWideParameterChangeEvent&lt;/identifier&gt;
        &lt;priority&gt;-1&lt;/priority&gt;
      &lt;/rootTaskHierarchyElements&gt;
      &lt;rootTaskHierarchyElements type=&quot;sto.Task&quot; uuid=&quot;7af87424-13ff-4db8-8b27-1e749cecd085&quot;&gt;
        &lt;isExecutable&gt;true&lt;/isExecutable&gt;
        &lt;orderIndex&gt;1&lt;/orderIndex&gt;
        &lt;rates type=&quot;sto.ClassicPeriodicDiscreteRate&quot; uuid=&quot;5632f6e5-9c57-4611-9922-c4e84881e32b&quot;&gt;
          &lt;annotation&gt;D1&lt;/annotation&gt;
          &lt;clockId&gt;Monitor::defaultTimer&lt;/clockId&gt;
          &lt;description&gt;Discrete 1&lt;/description&gt;
          &lt;taskId&gt;_task0&lt;/taskId&gt;
          &lt;rateSpec type=&quot;sto.RateSpec&quot; uuid=&quot;f7667cfe-0aa3-42be-bf2b-a36445f7f0ed&quot;&gt;
            &lt;period&gt;.2&lt;/period&gt;
            &lt;rateType&gt;ClassicPeriodicDiscrete&lt;/rateType&gt;
          &lt;/rateSpec&gt;
        &lt;/rates&gt;
        &lt;schedulingClockId&gt;Monitor::defaultTimer&lt;/schedulingClockId&gt;
        &lt;timeKeeperClockId&gt;Monitor::defaultTimer&lt;/timeKeeperClockId&gt;
        &lt;elementType&gt;Task&lt;/elementType&gt;
        &lt;identifier&gt;_task0&lt;/identifier&gt;
        &lt;priority&gt;40&lt;/priority&gt;
      &lt;/rootTaskHierarchyElements&gt;
      &lt;taskDependencyGraph type=&quot;sto.SerializedTaskConnectionList&quot; uuid=&quot;84a0e0ce-c11d-411d-a573-428dadb672b6&quot;&gt;
        &lt;clockIdentifier&gt;Monitor::defaultTimer&lt;/clockIdentifier&gt;
        &lt;taskIdentifier&gt;_task0&lt;/taskIdentifier&gt;
      &lt;/taskDependencyGraph&gt;
      &lt;taskDependencyGraph type=&quot;sto.SerializedTaskConnectionList&quot; uuid=&quot;9cd834d3-5d7d-42ca-9919-973904a1fa80&quot;&gt;
        &lt;clockIdentifier&gt;ParameterChangeEvent&lt;/clockIdentifier&gt;
        &lt;taskIdentifier&gt;ModelWideParameterChangeEvent&lt;/taskIdentifier&gt;
      &lt;/taskDependencyGraph&gt;
      &lt;taskPriorityDirection&gt;HighNumberLast&lt;/taskPriorityDirection&gt;
      &lt;taskingMode&gt;ClassicMultiTasking&lt;/taskingMode&gt;
    &lt;/taskRegistry&gt;
  &lt;/sto.Registry&gt;
&lt;/slexec_sto&gt;</timingAndTaskingRegistry>
    <zeroInternalMemoryAtStartupUnchecked>true</zeroInternalMemoryAtStartupUnchecked>
    <FMUBlockMap type="ModelRefInfoRepo.FMUBlockInfo" uuid="d9a3a84d-e47a-460d-b476-e1fbc53a7606"/>
    <codeGenInfo type="ModelRefInfoRepo.CodeGenInformation" uuid="88e0a43e-4497-4a62-88b3-e423cc24cf7c"/>
    <compiledVariantInfos type="ModelRefInfoRepo.CompiledVariantInfoMap" uuid="0d6e549b-057a-47ec-9e7c-9f2c5562304a"/>
    <configSettingsForConsistencyChecks type="ModelRefInfoRepo.ConfigSettingsForConsistencyChecks" uuid="9a77be88-9f24-487a-ab62-675cdd7d089e">
      <LUTObjectStructOrderEvenSpacing>1</LUTObjectStructOrderEvenSpacing>
      <consistentOutportInitialization>true</consistentOutportInitialization>
      <fixedStepSize>.2</fixedStepSize>
      <frameDiagnosticSetting>2</frameDiagnosticSetting>
      <hasHybridSampleTime>true</hasHybridSampleTime>
      <optimizedInitCode>true</optimizedInitCode>
      <signalLoggingSaveFormat>2</signalLoggingSaveFormat>
      <simSIMDOptimization>1</simSIMDOptimization>
      <solverName>FixedStepDiscrete</solverName>
      <solverType>SOLVER_TYPE_FIXEDSTEP</solverType>
      <hardwareSettings type="ModelRefInfoRepo.HardwareSettings" uuid="7fba8763-c925-4591-94a5-149e4d277baf">
        <prodBitPerChar>8</prodBitPerChar>
        <prodBitPerDouble>64</prodBitPerDouble>
        <prodBitPerFloat>32</prodBitPerFloat>
        <prodBitPerInt>32</prodBitPerInt>
        <prodBitPerLong>32</prodBitPerLong>
        <prodBitPerLongLong>64</prodBitPerLongLong>
        <prodBitPerPointer>64</prodBitPerPointer>
        <prodBitPerPtrDiffT>64</prodBitPerPtrDiffT>
        <prodBitPerShort>16</prodBitPerShort>
        <prodBitPerSizeT>64</prodBitPerSizeT>
        <prodEndianess>1</prodEndianess>
        <prodShiftRight>true</prodShiftRight>
        <prodWordSize>64</prodWordSize>
      </hardwareSettings>
    </configSettingsForConsistencyChecks>
    <controllableInputRatesMap type="ModelRefInfoRepo.VarTsUIDMap" uuid="80ac1bdf-7cb4-4f4f-a571-89c79265b22f"/>
    <controllableOutputRatesMap type="ModelRefInfoRepo.VarTsUIDMap" uuid="1dd58126-af39-4926-bbfb-9ede2a92d9be"/>
    <dataPortGroup type="ModelRefInfoRepo.DataPortGroup" uuid="7aa70263-65b0-4148-ac34-bdef6a218f91">
      <compDataInputPorts>0</compDataInputPorts>
      <compDataInputPorts>1</compDataInputPorts>
      <compDataOutputPorts>0</compDataOutputPorts>
      <compDataOutputPorts>1</compDataOutputPorts>
      <dataInputPorts>0</dataInputPorts>
      <dataInputPorts>1</dataInputPorts>
      <dataOutputPorts>0</dataOutputPorts>
      <dataOutputPorts>1</dataOutputPorts>
    </dataPortGroup>
    <expFcnUnconnectedDataPortGroup type="ModelRefInfoRepo.DataPortGroup" uuid="19f34505-55e7-40d1-9c4b-3fcaecc0fd2e"/>
    <interfaceParameterInfo type="ModelRefInfoRepo.InterfaceParameterInfo" uuid="4842f3d9-f361-4609-969b-055a6d3fac9b"/>
    <messageInfo type="ModelRefInfoRepo.MessageInformation" uuid="fa5823ab-9582-4d65-b47b-44ebee211cc4"/>
    <methodInfo type="ModelRefInfoRepo.MethodExistenceInfo" uuid="aab2648c-49bc-40e2-9d16-d64f613e42d4"/>
    <periodicEventPortUnsupportedBlockInfo type="ModelRefInfoRepo.PeriodicEventPortUnsupportedBlockInfo" uuid="4711fc8d-b226-4cd8-9f9a-3cf2612c221e"/>
    <portGroupsRequireSameRate type="ModelRefInfoRepo.PortGroupsRequireSameRate" uuid="05f47e95-1836-4326-b020-47e0e18d129f">
      <DSMPortGroups type="ModelRefInfoRepo.NameToPortGroupIdxVectMap" uuid="25227848-d088-498d-b0c3-308c9ad14709"/>
      <GlobalDSMPortGroups type="ModelRefInfoRepo.NameToPortGroupIdxVectMap" uuid="3d100360-87e8-4fef-9511-e5a7a0badc00"/>
      <mergedPortGroups type="ModelRefInfoRepo.NameToPortGroupIdxVectMap" uuid="7fb619fc-9745-4979-b5b4-1ab747ad2f1c"/>
    </portGroupsRequireSameRate>
    <rateBasedMdlGlobalDSMRateSpec type="ModelRefInfoRepo.GlobalDSMRateSpecMap" uuid="36420dd0-1b5c-43ec-afdc-ca31616bf6ec"/>
    <rateSpecOfGlobalDSMAccessedByDescExpFcnMdlMap type="ModelRefInfoRepo.GlobalDSMRateSpecMap" uuid="bfdefa34-4238-4d4a-81f9-9ed9cea1f3de"/>
    <rootBlockDiagramInterface type="ci.Model" uuid="6876ef04-63eb-4fec-aee9-e72ce89e239c">
      <p_RootComponentInterface type="ci.ComponentInterface" uuid="51915f67-8c85-4c46-aad8-d7510dd8627e">
        <p_InputPorts type="ci.SignalInterface" uuid="deea333f-acc0-4a9a-b3b3-2f65f4ef2204">
          <p_ComputedNumericDimensions>1.0</p_ComputedNumericDimensions>
          <p_ComputedSampleTime>.2</p_ComputedSampleTime>
          <p_ComputedSampleTime>0.0</p_ComputedSampleTime>
          <p_ComputedType>boolean</p_ComputedType>
          <p_Name>N_Detector_In_Value</p_Name>
        </p_InputPorts>
        <p_InputPorts type="ci.SignalInterface" uuid="4149a63b-c6fe-4700-9d3e-9dd73a492724">
          <p_ComputedNumericDimensions>1.0</p_ComputedNumericDimensions>
          <p_ComputedSampleTime>.2</p_ComputedSampleTime>
          <p_ComputedSampleTime>0.0</p_ComputedSampleTime>
          <p_ComputedType>boolean</p_ComputedType>
          <p_Name>AF_Detector_In_Value</p_Name>
        </p_InputPorts>
        <p_Name>Monitor</p_Name>
        <p_OutputPorts type="ci.SignalInterface" uuid="2e2e0126-9a3c-4c86-abf1-43889b77ab7d">
          <p_ComputedNumericDimensions>1.0</p_ComputedNumericDimensions>
          <p_ComputedSampleTime>.2</p_ComputedSampleTime>
          <p_ComputedSampleTime>0.0</p_ComputedSampleTime>
          <p_ComputedType>boolean</p_ComputedType>
          <p_Name>N_Detector_Out_Value</p_Name>
        </p_OutputPorts>
        <p_OutputPorts type="ci.SignalInterface" uuid="0adad709-2168-4d4a-ba3b-35015f845bc9">
          <p_ComputedNumericDimensions>1.0</p_ComputedNumericDimensions>
          <p_ComputedSampleTime>.2</p_ComputedSampleTime>
          <p_ComputedSampleTime>0.0</p_ComputedSampleTime>
          <p_ComputedType>boolean</p_ComputedType>
          <p_Name>AF_Detector_Out_Value</p_Name>
        </p_OutputPorts>
        <p_Type>ROOT</p_Type>
      </p_RootComponentInterface>
    </rootBlockDiagramInterface>
    <simulinkFunctions type="ModelRefInfoRepo.SimulinkFunctions" uuid="66e0abe6-23a2-4c28-8d4b-4cf436500f45">
      <compFunctions type="ModelRefInfoRepo.CompFunction" uuid="52469ca8-7926-4a32-a418-72e9c43aae81">
        <CGFunctionName>AF_Detector_GetEventUdsStatus</CGFunctionName>
        <CGIsCalled>true</CGIsCalled>
        <callerBlocks>Monitor/AF_Detector_Get_Status/DiagnosticInfoCaller</callerBlocks>
        <compDiscreteRates type="ModelRefInfoRepo.RateSpec" uuid="efbd5511-9a59-4ac3-a5fc-dc3cf0b8604e">
          <period>.2</period>
        </compDiscreteRates>
        <compTIDs>0</compTIDs>
        <functionName>AF_Detector_GetEventUdsStatus</functionName>
        <refBlockPaths>Monitor/AF_Detector_Get_Status/DiagnosticInfoCaller</refBlockPaths>
        <variantCallerNetEMVCEMap type="ModelRefInfoRepo.VariantCallerNetEMVCE" uuid="cd5f6031-25ad-45ee-a4fa-6874dd476e61">
          <refBlockPath>Monitor/AF_Detector_Get_Status/DiagnosticInfoCaller</refBlockPath>
          <variantFunctionNetEMVCE type="ModelRefInfoRepo.VariantFunctionNetEMVCE" uuid="7ae56fa9-2fb8-4d7f-872b-d8ccc9db2797">
            <EMVCE>({true}_0)</EMVCE>
          </variantFunctionNetEMVCE>
        </variantCallerNetEMVCEMap>
        <visibility>Global</visibility>
        <fcnArgs type="ModelRefInfoRepo.CompFunctionArgs" uuid="1e3f9836-4167-496e-8b8e-423fb44f23ee">
          <argIndexMap type="ModelRefInfoRepo.ArgIndexMap" uuid="53896a97-3db9-429f-b7c6-e87b94500fc5">
            <index>O0</index>
          </argIndexMap>
          <argIndexMap type="ModelRefInfoRepo.ArgIndexMap" uuid="772565fc-c578-4eda-aecc-258dd78b055d">
            <index>O1</index>
            <position>1</position>
          </argIndexMap>
          <argNameMap type="ModelRefInfoRepo.ArgNameMap" uuid="16954e01-0f13-48e8-a351-0a27e6352067">
            <name>ERR</name>
            <position>1</position>
          </argNameMap>
          <argNameMap type="ModelRefInfoRepo.ArgNameMap" uuid="e101eaf5-4c0c-4b41-93c4-f1dcc0516155">
            <name>UDSStatusByte</name>
          </argNameMap>
          <outArgs type="ModelRefInfoRepo.CompFunctionArgInfo" uuid="827f7512-b040-476c-a48c-eafacfcbe6c0">
            <dims>1</dims>
            <dims>1</dims>
            <passByType>AUTO</passByType>
            <dataType type="ModelRefInfoRepo.CompDataType" uuid="4f901555-c557-4dbe-b1a1-a9d9ba21093f">
              <dataClass>Numeric</dataClass>
              <dataTypeName>numerictype(0,8,0)</dataTypeName>
            </dataType>
          </outArgs>
          <outArgs type="ModelRefInfoRepo.CompFunctionArgInfo" uuid="4e37955c-4ad4-456b-a0d2-134c27e68dd0">
            <dims>1</dims>
            <dims>1</dims>
            <passByType>AUTO</passByType>
            <dataType type="ModelRefInfoRepo.CompDataType" uuid="e2496d89-7021-4a89-971a-1f5b1d86c801">
              <dataClass>Numeric</dataClass>
              <dataTypeName>numerictype(0,8,0)</dataTypeName>
            </dataType>
          </outArgs>
          <returnArgIdx>-1</returnArgIdx>
        </fcnArgs>
        <fcnFpcArgs type="ModelRefInfoRepo.CompFunctionArgs" uuid="43391c7e-22f1-4385-ac01-d5e2c64b194a">
          <argIndexMap type="ModelRefInfoRepo.ArgIndexMap" uuid="3715b57c-05a6-428b-a8fd-8618b5bfce0d">
            <index>O0</index>
          </argIndexMap>
          <argNameMap type="ModelRefInfoRepo.ArgNameMap" uuid="7ee3b289-daaa-4ab4-85d5-1a2d0f21676c">
            <name>UDSStatusByte</name>
          </argNameMap>
          <outArgs type="ModelRefInfoRepo.CompFunctionArgInfo" uuid="2c89aceb-1cea-43b2-9206-0feedb2dfba1">
            <dims>1</dims>
            <dims>1</dims>
            <passByType>AUTO</passByType>
            <dataType type="ModelRefInfoRepo.CompDataType" uuid="bbfbb2ec-d0f0-46e0-b2e5-bd1a08e7d557">
              <dataClass>Numeric</dataClass>
              <dataTypeName>numerictype(0,8,0)</dataTypeName>
            </dataType>
          </outArgs>
          <outArgs type="ModelRefInfoRepo.CompFunctionArgInfo" uuid="99117b80-12bb-422d-bc8f-ee3b4e91affa">
            <dims>1</dims>
            <dims>1</dims>
            <passByType>AUTO</passByType>
            <dataType type="ModelRefInfoRepo.CompDataType" uuid="c9aa025b-7d06-413d-b936-4590e501984e">
              <dataClass>Numeric</dataClass>
              <dataTypeName>numerictype(0,8,0)</dataTypeName>
            </dataType>
          </outArgs>
          <returnArgIdx>1</returnArgIdx>
          <returnArgName>ERR</returnArgName>
        </fcnFpcArgs>
      </compFunctions>
      <compFunctions type="ModelRefInfoRepo.CompFunction" uuid="7e2e038f-e105-4a80-aeea-b0c510eafe50">
        <CGFunctionName>N_Detector_GetEventUdsStatus</CGFunctionName>
        <CGIsCalled>true</CGIsCalled>
        <callerBlocks>Monitor/N_Detector_Get_Status/DiagnosticInfoCaller</callerBlocks>
        <compDiscreteRates type="ModelRefInfoRepo.RateSpec" uuid="ecfab15d-848c-4695-8554-b0a6cfa29dca">
          <period>.2</period>
        </compDiscreteRates>
        <compTIDs>0</compTIDs>
        <functionName>N_Detector_GetEventUdsStatus</functionName>
        <refBlockPaths>Monitor/N_Detector_Get_Status/DiagnosticInfoCaller</refBlockPaths>
        <variantCallerNetEMVCEMap type="ModelRefInfoRepo.VariantCallerNetEMVCE" uuid="eb016616-05c5-4294-92a0-fe952b7909ea">
          <refBlockPath>Monitor/N_Detector_Get_Status/DiagnosticInfoCaller</refBlockPath>
          <variantFunctionNetEMVCE type="ModelRefInfoRepo.VariantFunctionNetEMVCE" uuid="e9292aa6-8f97-47cc-9643-8c859a3d9789">
            <EMVCE>({true}_0)</EMVCE>
          </variantFunctionNetEMVCE>
        </variantCallerNetEMVCEMap>
        <visibility>Global</visibility>
        <fcnArgs type="ModelRefInfoRepo.CompFunctionArgs" uuid="c1ea145e-f914-4693-9df7-6cb2a67e40f8">
          <argIndexMap type="ModelRefInfoRepo.ArgIndexMap" uuid="9296be8b-d36a-4c5c-9985-28e2c193867e">
            <index>O0</index>
          </argIndexMap>
          <argIndexMap type="ModelRefInfoRepo.ArgIndexMap" uuid="6b7e5a89-7290-4307-84b8-80cd10174150">
            <index>O1</index>
            <position>1</position>
          </argIndexMap>
          <argNameMap type="ModelRefInfoRepo.ArgNameMap" uuid="0de6690a-9863-4320-9fc6-6a558279b4e1">
            <name>ERR</name>
            <position>1</position>
          </argNameMap>
          <argNameMap type="ModelRefInfoRepo.ArgNameMap" uuid="12647572-2125-49d1-80c7-8b3b3e251965">
            <name>UDSStatusByte</name>
          </argNameMap>
          <outArgs type="ModelRefInfoRepo.CompFunctionArgInfo" uuid="f2b7f782-e981-4433-b8b1-b4c7821200cb">
            <dims>1</dims>
            <dims>1</dims>
            <passByType>AUTO</passByType>
            <dataType type="ModelRefInfoRepo.CompDataType" uuid="42a5e045-894b-476b-b292-7985aabf3907">
              <dataClass>Numeric</dataClass>
              <dataTypeName>numerictype(0,8,0)</dataTypeName>
            </dataType>
          </outArgs>
          <outArgs type="ModelRefInfoRepo.CompFunctionArgInfo" uuid="e8c16885-4ce5-40ea-b2f2-44318bd535d8">
            <dims>1</dims>
            <dims>1</dims>
            <passByType>AUTO</passByType>
            <dataType type="ModelRefInfoRepo.CompDataType" uuid="f9d5f1a3-0858-40d1-91ae-72c500058a0f">
              <dataClass>Numeric</dataClass>
              <dataTypeName>numerictype(0,8,0)</dataTypeName>
            </dataType>
          </outArgs>
          <returnArgIdx>-1</returnArgIdx>
        </fcnArgs>
        <fcnFpcArgs type="ModelRefInfoRepo.CompFunctionArgs" uuid="5254b95a-3576-4779-9922-9a7d64828435">
          <argIndexMap type="ModelRefInfoRepo.ArgIndexMap" uuid="49bbf343-5b0f-4cfe-91bc-12732ec0a8bc">
            <index>O0</index>
          </argIndexMap>
          <argNameMap type="ModelRefInfoRepo.ArgNameMap" uuid="e025dcbf-53f0-4d22-9da0-724906775927">
            <name>UDSStatusByte</name>
          </argNameMap>
          <outArgs type="ModelRefInfoRepo.CompFunctionArgInfo" uuid="d65b170e-71aa-41df-8a96-d34e4d4f88f4">
            <dims>1</dims>
            <dims>1</dims>
            <passByType>AUTO</passByType>
            <dataType type="ModelRefInfoRepo.CompDataType" uuid="7a1f4722-b7d1-4ae1-a783-01e483c1ca88">
              <dataClass>Numeric</dataClass>
              <dataTypeName>numerictype(0,8,0)</dataTypeName>
            </dataType>
          </outArgs>
          <outArgs type="ModelRefInfoRepo.CompFunctionArgInfo" uuid="39eddcdc-7a60-4620-bab1-36e20a9eace2">
            <dims>1</dims>
            <dims>1</dims>
            <passByType>AUTO</passByType>
            <dataType type="ModelRefInfoRepo.CompDataType" uuid="a41a8185-75a4-4941-8369-d274bfe49f97">
              <dataClass>Numeric</dataClass>
              <dataTypeName>numerictype(0,8,0)</dataTypeName>
            </dataType>
          </outArgs>
          <returnArgIdx>1</returnArgIdx>
          <returnArgName>ERR</returnArgName>
        </fcnFpcArgs>
      </compFunctions>
      <compFunctions type="ModelRefInfoRepo.CompFunction" uuid="635485d1-33cd-4de2-be40-93c1638f6ae3">
        <CGFunctionName>Night_Sensor_SetEventStatus</CGFunctionName>
        <CGIsCalled>true</CGIsCalled>
        <callerBlocks>Monitor/N_Detector_Down_or_Up</callerBlocks>
        <compDiscreteRates type="ModelRefInfoRepo.RateSpec" uuid="6d0aea78-c50c-4138-b2c7-7493575c203a">
          <period>.2</period>
        </compDiscreteRates>
        <compTIDs>0</compTIDs>
        <functionName>Night_Sensor_SetEventStatus</functionName>
        <refBlockPaths>Monitor/N_Detector_Down_or_Up</refBlockPaths>
        <variantCallerNetEMVCEMap type="ModelRefInfoRepo.VariantCallerNetEMVCE" uuid="2f74a265-3be8-40b0-86ab-8058bea80ec3">
          <refBlockPath>Monitor/N_Detector_Down_or_Up</refBlockPath>
          <variantFunctionNetEMVCE type="ModelRefInfoRepo.VariantFunctionNetEMVCE" uuid="6d6de023-4733-4de9-8002-76b7249d5421">
            <EMVCE>({true}_0)</EMVCE>
          </variantFunctionNetEMVCE>
        </variantCallerNetEMVCEMap>
        <visibility>Global</visibility>
        <fcnArgs type="ModelRefInfoRepo.CompFunctionArgs" uuid="63dec7d6-b824-4bf6-8f14-e072f8ad27df">
          <argIndexMap type="ModelRefInfoRepo.ArgIndexMap" uuid="8e9c05dd-adc9-420d-953b-7e57120c4c1f">
            <index>I0</index>
          </argIndexMap>
          <argIndexMap type="ModelRefInfoRepo.ArgIndexMap" uuid="2b329353-4ed4-43b6-b2ca-b7a87ac96695">
            <index>O0</index>
            <position>1</position>
          </argIndexMap>
          <argNameMap type="ModelRefInfoRepo.ArgNameMap" uuid="cf84ef2d-65ec-4287-aa0e-22b7082c6128">
            <name>ERR</name>
            <position>1</position>
          </argNameMap>
          <argNameMap type="ModelRefInfoRepo.ArgNameMap" uuid="53e6e634-c522-4168-9595-5b80f3c57efa">
            <name>EventStatus</name>
          </argNameMap>
          <inArgs type="ModelRefInfoRepo.CompFunctionArgInfo" uuid="0b1052d1-d06f-4b92-a023-e3c8ce29441f">
            <dims>1</dims>
            <dims>1</dims>
            <passByType>AUTO</passByType>
            <dataType type="ModelRefInfoRepo.CompDataType" uuid="858b53cf-cada-4193-993b-8f93ccfa517a">
              <dataClass>Enum</dataClass>
              <dataTypeName>Dem_EventStatusType</dataTypeName>
            </dataType>
          </inArgs>
          <outArgs type="ModelRefInfoRepo.CompFunctionArgInfo" uuid="d3fc08ed-73ad-4c15-91b1-b59cd1c7f2a3">
            <dims>1</dims>
            <dims>1</dims>
            <passByType>AUTO</passByType>
            <dataType type="ModelRefInfoRepo.CompDataType" uuid="c76147c4-7487-4f93-b8e0-483ff22bc8d3">
              <dataClass>Numeric</dataClass>
              <dataTypeName>numerictype(0,8,0)</dataTypeName>
            </dataType>
          </outArgs>
          <returnArgIdx>-1</returnArgIdx>
        </fcnArgs>
        <fcnFpcArgs type="ModelRefInfoRepo.CompFunctionArgs" uuid="b0992cea-0964-439d-ab11-a416367da6eb">
          <argIndexMap type="ModelRefInfoRepo.ArgIndexMap" uuid="57579283-176c-4df4-849e-51ae5e50d907">
            <index>I0</index>
          </argIndexMap>
          <argNameMap type="ModelRefInfoRepo.ArgNameMap" uuid="63e42b67-ff93-4d82-99b9-2cc83774afbe">
            <name>EventStatus</name>
          </argNameMap>
          <inArgs type="ModelRefInfoRepo.CompFunctionArgInfo" uuid="a6409ad2-d22b-439a-8d39-29f1e6e3d553">
            <dims>1</dims>
            <dims>1</dims>
            <passByType>AUTO</passByType>
            <dataType type="ModelRefInfoRepo.CompDataType" uuid="3ae21e99-33fc-4465-b98f-06f0fad9a588">
              <dataClass>Enum</dataClass>
              <dataTypeName>Dem_EventStatusType</dataTypeName>
            </dataType>
          </inArgs>
          <outArgs type="ModelRefInfoRepo.CompFunctionArgInfo" uuid="b59e257f-0f5c-40d4-bd2a-421a79f6e2f3">
            <dims>1</dims>
            <dims>1</dims>
            <passByType>AUTO</passByType>
            <dataType type="ModelRefInfoRepo.CompDataType" uuid="4e543968-1e87-4597-ade7-3848c6bbcd15">
              <dataClass>Numeric</dataClass>
              <dataTypeName>numerictype(0,8,0)</dataTypeName>
            </dataType>
          </outArgs>
          <returnArgName>ERR</returnArgName>
        </fcnFpcArgs>
      </compFunctions>
      <compFunctions type="ModelRefInfoRepo.CompFunction" uuid="3703aea4-d8ac-4c82-b0cb-94eb13926982">
        <CGFunctionName>AutoFogLight_Sensor_SetEventStatus</CGFunctionName>
        <CGIsCalled>true</CGIsCalled>
        <callerBlocks>Monitor/AF_Detector_Down_or_Up</callerBlocks>
        <compDiscreteRates type="ModelRefInfoRepo.RateSpec" uuid="36e05ff6-01e3-41d3-afea-b2e8a66ba948">
          <period>.2</period>
        </compDiscreteRates>
        <compTIDs>0</compTIDs>
        <functionName>AutoFogLight_Sensor_SetEventStatus</functionName>
        <refBlockPaths>Monitor/AF_Detector_Down_or_Up</refBlockPaths>
        <variantCallerNetEMVCEMap type="ModelRefInfoRepo.VariantCallerNetEMVCE" uuid="3dfd6374-df8b-4a4d-a9b8-f50406a6c9ec">
          <refBlockPath>Monitor/AF_Detector_Down_or_Up</refBlockPath>
          <variantFunctionNetEMVCE type="ModelRefInfoRepo.VariantFunctionNetEMVCE" uuid="db8fddba-170d-484a-b02e-3a25b1d9cf1d">
            <EMVCE>({true}_0)</EMVCE>
          </variantFunctionNetEMVCE>
        </variantCallerNetEMVCEMap>
        <visibility>Global</visibility>
        <fcnArgs type="ModelRefInfoRepo.CompFunctionArgs" uuid="91f7d093-3043-45d2-981d-dffab45272c1">
          <argIndexMap type="ModelRefInfoRepo.ArgIndexMap" uuid="e29fea32-6efb-44ca-8186-d8a6dc5d780f">
            <index>I0</index>
          </argIndexMap>
          <argIndexMap type="ModelRefInfoRepo.ArgIndexMap" uuid="f48d5fb2-fa4e-473d-b2f8-5d100bfefbcb">
            <index>O0</index>
            <position>1</position>
          </argIndexMap>
          <argNameMap type="ModelRefInfoRepo.ArgNameMap" uuid="719b4ebe-9740-412f-bfb3-b6ec9ef01ba1">
            <name>ERR</name>
            <position>1</position>
          </argNameMap>
          <argNameMap type="ModelRefInfoRepo.ArgNameMap" uuid="f50d8304-e825-4462-b810-3ec5a44a2bb9">
            <name>EventStatus</name>
          </argNameMap>
          <inArgs type="ModelRefInfoRepo.CompFunctionArgInfo" uuid="ecf2f768-9920-4af7-a68c-294fbf0253b0">
            <dims>1</dims>
            <dims>1</dims>
            <passByType>AUTO</passByType>
            <dataType type="ModelRefInfoRepo.CompDataType" uuid="ba8d1cba-af77-46b0-8dc5-7fa685a7459c">
              <dataClass>Enum</dataClass>
              <dataTypeName>Dem_EventStatusType</dataTypeName>
            </dataType>
          </inArgs>
          <outArgs type="ModelRefInfoRepo.CompFunctionArgInfo" uuid="a333297e-b7ea-407e-bb68-63d987208afd">
            <dims>1</dims>
            <dims>1</dims>
            <passByType>AUTO</passByType>
            <dataType type="ModelRefInfoRepo.CompDataType" uuid="8c79c828-1431-4cd8-bff7-17fbae299d85">
              <dataClass>Numeric</dataClass>
              <dataTypeName>numerictype(0,8,0)</dataTypeName>
            </dataType>
          </outArgs>
          <returnArgIdx>-1</returnArgIdx>
        </fcnArgs>
        <fcnFpcArgs type="ModelRefInfoRepo.CompFunctionArgs" uuid="8c323432-d468-4d99-97e1-027340034ebe">
          <argIndexMap type="ModelRefInfoRepo.ArgIndexMap" uuid="1fed76fb-4b97-4c4b-91a1-35f8b2c2e722">
            <index>I0</index>
          </argIndexMap>
          <argNameMap type="ModelRefInfoRepo.ArgNameMap" uuid="749383e8-2697-473c-9e3e-fe5fe57f68c9">
            <name>EventStatus</name>
          </argNameMap>
          <inArgs type="ModelRefInfoRepo.CompFunctionArgInfo" uuid="b324d40e-5e2e-406a-b0e4-1f16856dded7">
            <dims>1</dims>
            <dims>1</dims>
            <passByType>AUTO</passByType>
            <dataType type="ModelRefInfoRepo.CompDataType" uuid="91d2a2a8-2084-4646-b602-a80bfe595a59">
              <dataClass>Enum</dataClass>
              <dataTypeName>Dem_EventStatusType</dataTypeName>
            </dataType>
          </inArgs>
          <outArgs type="ModelRefInfoRepo.CompFunctionArgInfo" uuid="b3b997c0-8fd2-4072-9aee-159f200bf133">
            <dims>1</dims>
            <dims>1</dims>
            <passByType>AUTO</passByType>
            <dataType type="ModelRefInfoRepo.CompDataType" uuid="ca2617d0-7534-45bb-95b8-e5fe7a71d6cb">
              <dataClass>Numeric</dataClass>
              <dataTypeName>numerictype(0,8,0)</dataTypeName>
            </dataType>
          </outArgs>
          <returnArgName>ERR</returnArgName>
        </fcnFpcArgs>
      </compFunctions>
      <compSimulinkFunctionCatalog></compSimulinkFunctionCatalog>
    </simulinkFunctions>
    <sltpContext type="sltp.mm.core.Context" uuid="289f4e81-2357-4b3d-903e-7d372646f478">
      <globalData type="sltp.mm.core.GlobalData" uuid="20f4a8b8-4f31-4f83-aba1-9d0f41f850ab">
        <dataName>portAF_Detector_In_Value</dataName>
        <type>RootInport</type>
      </globalData>
      <globalData type="sltp.mm.core.GlobalData" uuid="da5cbf63-8081-4a82-b06d-6310c377ffd5">
        <dataName>portAF_Detector_Out_Value</dataName>
        <type>RootOutport</type>
      </globalData>
      <globalData type="sltp.mm.core.GlobalData" uuid="ca3a8982-76a4-46a5-9700-1ad4e5d3f8a0">
        <dataName>portN_Detector_In_Value</dataName>
        <type>RootInport</type>
      </globalData>
      <globalData type="sltp.mm.core.GlobalData" uuid="80aa86b4-80fe-4c3e-8abc-fe5ac51f875b">
        <dataName>portN_Detector_Out_Value</dataName>
        <type>RootOutport</type>
      </globalData>
      <priorityDirection>HighNumberLast</priorityDirection>
      <defaultEventBehavior type="sltp.mm.core.EventBehavior" uuid="c85b14aa-4c63-4dd5-aade-3782ca7ab21a"/>
      <editorState type="sltp.mm.core.EditorState" uuid="fab428b7-52d1-493d-9d9f-a0e096ff6c53">
        <isSynchronized>true</isSynchronized>
        <panelState type="sltp.mm.core.EditorPanelState" uuid="177778f2-e12e-4423-9a99-1199f0c2ace3"/>
      </editorState>
      <rootTask type="sltp.mm.core.Task" uuid="0d462989-84af-4110-97fe-bfa54e0700d2">
        <context type="sltp.mm.core.Context" uuid="289f4e81-2357-4b3d-903e-7d372646f478"/>
        <explicit>false</explicit>
        <name>Default</name>
        <priority>-2147483648</priority>
        <subgraph type="sltp.mm.core.Graph" uuid="b3a06529-5c69-44db-bfe4-f6004e9ef27b">
          <tasks type="sltp.mm.core.Task" uuid="219491b0-f3dc-4987-930c-17d38406eef1">
            <context type="sltp.mm.core.Context" uuid="289f4e81-2357-4b3d-903e-7d372646f478"/>
            <explicit>false</explicit>
            <id>1</id>
            <isTimed>true</isTimed>
            <name>D1</name>
            <priority>40</priority>
            <rates type="sltp.mm.core.Rate" uuid="e0c477f9-e5d2-4afc-aad3-9110e201b82d">
              <annotation>D1</annotation>
              <color>-12240129</color>
              <hasBlocks>true</hasBlocks>
              <identifier>ClassicPeriodicDiscrete0.20</identifier>
              <rateIndex>0</rateIndex>
              <rateSpec type="sltp.mm.core.RateSpec">
                <period>.2</period>
              </rateSpec>
              <sti>0</sti>
            </rates>
          </tasks>
        </subgraph>
      </rootTask>
    </sltpContext>
    <stateWriterToOwnerMap type="ModelRefInfoRepo.StateWriterInfo" uuid="8d0c7256-2b55-4ca5-9281-a2898ebdfe94"/>
    <stoClientDataRegistry type="sto.ClientDataRegistry" uuid="4e5bb7a6-8072-487f-9fe5-8cb457d0b19a">
      <dataSets type="sto.ClientClockNamedDataSet" uuid="394b77e6-bbdd-41a2-9f55-41205a257a37">
        <tag>sltpEvents</tag>
      </dataSets>
      <dataSets type="sto.ClientTaskHierarchyElementNamedDataSet" uuid="464d3ba4-8ee1-4cfe-a295-6a2aedda5c0f">
        <tag>sltpTaskGroups</tag>
      </dataSets>
      <dataSets type="sto.ClientTaskHierarchyElementNamedDataSet" uuid="b316ad65-a701-4f97-a3b3-91984af9044b">
        <dSet type="ModelRefInfoRepo.SltpTaskData" uuid="de7bcf9d-a55f-483b-871d-ebbca2f2e92d"/>
        <tSet type="ModelRefInfoRepo.SltpTaskData" uuid="de7bcf9d-a55f-483b-871d-ebbca2f2e92d">
          <dataName>D1</dataName>
          <linkedSet type="sto.ClientTaskHierarchyElementNamedDataSet" uuid="b316ad65-a701-4f97-a3b3-91984af9044b"/>
          <id type="sto.TaskHierarchyElementId">
            <clockId>Monitor::defaultTimer</clockId>
            <id>_task0</id>
          </id>
        </tSet>
        <tag>sltpTasks</tag>
      </dataSets>
    </stoClientDataRegistry>
    <varTsUIDMap type="ModelRefInfoRepo.VarTsUIDMap" uuid="8eff61c0-3d72-4b79-9084-b9dac207b33f"/>
  </ModelRefInfoRepo.ModelRefInfoRoot>
</MF0>